IPµØÖ·,ç«_,___ç«_,TLS,_°æ_ä¸_,_°å_,___,TCPå»¶è_(ms),__º¦(MB/s)
104.16.121.247,443,443,FALSE,FRA,Europe,Frankfurt,169.37,19.02
162.159.130.227,443,443,FALSE,NRT,Asia Pacific,Tokyo,158.41,18.49
162.159.38.141,443,443,FALSE,NRT,Asia Pacific,Tokyo,166.55,18.36
172.64.136.160,443,443,FALSE,NRT,Asia Pacific,Tokyo,162.05,17.84
104.19.251.210,443,443,FALSE,NRT,Asia Pacific,Tokyo,160.53,17.79
162.159.128.204,443,443,FALSE,NRT,Asia Pacific,Tokyo,166.12,17.68
162.159.44.31,443,443,FALSE,NRT,Asia Pacific,Tokyo,170.23,17.38
172.64.140.78,443,443,FALSE,NRT,Asia Pacific,Tokyo,164.67,17.38
172.64.171.150,443,443,FALSE,NRT,Asia Pacific,Tokyo,170.2,17.31
104.21.224.135,443,443,FALSE,NRT,Asia Pacific,Tokyo,170.32,17.16
104.19.130.10,443,443,FALSE,NRT,Asia Pacific,Tokyo,163.95,17.11
104.19.246.154,443,443,FALSE,NRT,Asia Pacific,Tokyo,170.4,17.04
172.64.105.94,443,443,FALSE,NRT,Asia Pacific,Tokyo,165.95,17
162.159.45.140,443,443,FALSE,NRT,Asia Pacific,Tokyo,169.27,16.82
172.64.197.224,443,443,FALSE,NRT,Asia Pacific,Tokyo,167.57,16.77
104.16.112.247,443,443,FALSE,NRT,Asia Pacific,Tokyo,160.39,16.74
162.159.255.51,443,443,FALSE,NRT,Asia Pacific,Tokyo,158.35,16.73
172.64.107.188,443,443,FALSE,NRT,Asia Pacific,Tokyo,169.48,16.48
172.64.96.113,443,443,FALSE,NRT,Asia Pacific,Tokyo,168.33,16.36
104.21.239.70,443,443,FALSE,NRT,Asia Pacific,Tokyo,167.81,16.34
104.19.255.209,443,443,FALSE,NRT,Asia Pacific,Tokyo,161.62,16.07
172.64.133.152,443,443,FALSE,NRT,Asia Pacific,Tokyo,170.89,15.76
104.19.250.73,443,443,FALSE,NRT,Asia Pacific,Tokyo,165.33,15.7
172.64.207.77,443,443,FALSE,FRA,Europe,Frankfurt,170.97,15.62
198.41.211.33,443,443,FALSE,NRT,Asia Pacific,Tokyo,171.27,15.46
104.16.123.95,443,443,FALSE,NRT,Asia Pacific,Tokyo,166.15,15.26
104.16.127.186,443,443,FALSE,NRT,Asia Pacific,Tokyo,168.9,15.18
172.64.141.115,443,443,FALSE,NRT,Asia Pacific,Tokyo,159.61,15.15
104.21.227.168,443,443,FALSE,NRT,Asia Pacific,Tokyo,167.31,15.08
172.64.68.163,443,443,FALSE,NRT,Asia Pacific,Tokyo,168.3,14.97
104.16.119.22,443,443,FALSE,NRT,Asia Pacific,Tokyo,170.35,14.75
172.64.101.43,443,443,FALSE,NRT,Asia Pacific,Tokyo,167.56,14.7
104.21.236.62,443,443,FALSE,NRT,Asia Pacific,Tokyo,166.28,14.57
172.64.109.221,443,443,FALSE,NRT,Asia Pacific,Tokyo,163.14,14.29
172.64.138.94,443,443,FALSE,NRT,Asia Pacific,Tokyo,165.88,14.29
162.159.129.43,443,443,FALSE,NRT,Asia Pacific,Tokyo,163.33,13.53
172.64.192.240,443,443,FALSE,NRT,Asia Pacific,Tokyo,168.04,12.87
172.64.110.90,443,443,FALSE,NRT,Asia Pacific,Tokyo,163.86,12.7
172.64.139.222,443,443,FALSE,NRT,Asia Pacific,Tokyo,157.15,12.59
172.64.103.71,443,443,FALSE,NRT,Asia Pacific,Tokyo,171.15,12.23
104.21.229.105,443,443,FALSE,NRT,Asia Pacific,Tokyo,168.65,12.04
104.16.126.75,443,443,FALSE,NRT,Asia Pacific,Tokyo,167.3,11.94
104.16.125.53,443,443,FALSE,NRT,Asia Pacific,Tokyo,171.5,11.91
172.64.99.107,443,443,FALSE,FRA,Europe,Frankfurt,171.38,11.47
172.64.137.48,443,443,FALSE,NRT,Asia Pacific,Tokyo,167.64,11.13
172.64.132.112,443,443,FALSE,NRT,Asia Pacific,Tokyo,162.54,10.36
104.21.238.146,443,443,FALSE,FRA,Europe,Frankfurt,162.21,10.08
172.64.102.78,443,443,FALSE,NRT,Asia Pacific,Tokyo,166.7,9.7
172.64.135.148,443,443,FALSE,NRT,Asia Pacific,Tokyo,163.61,9.02
172.64.100.132,8443,8443,FALSE,NRT,Asia Pacific,Tokyo,164.82,4.79
,,,,,,,,
,,,,,,,,
,,,,,,,,
,,,,,,,,
,,,,,,,,
,,,,,,,,
,,,,,,,,
,,,,,,,,
,,,,,,,,
,,,,,,,,
,,,,,,,,
,,,,,,,,
,,,,,,,,
,,,,,,,,
,,,,,,,,
,,,,,,,,
,,,,,,,,
,,,,,,,,
,,,,,,,,
,,,,,,,,
,,,,,,,,
,,,,,,,,
,,,,,,,,
,,,,,,,,
,,,,,,,,
,,,,,,,,
,,,,,,,,
,,,,,,,,
,,,,,,,,
,,,,,,,,
,,,,,,,,
,,,,,,,,
,,,,,,,,
,,,,,,,,
,,,,,,,,
,,,,,,,,
,,,,,,,,
,,,,,,,,
,,,,,,,,
,,,,,,,,
,,,,,,,,
,,,,,,,,
,,,,,,,,
,,,,,,,,
,,,,,,,,
,,,,,,,,
,,,,,,,,
,,,,,,,,
,,,,,,,,
,,,,,,,,
,,,,,,,,
,,,,,,,,
,,,,,,,,
,,,,,,,,
,,,,,,,,
,,,,,,,,
,,,,,,,,
,,,,,,,,
,,,,,,,,
,,,,,,,,
,,,,,,,,
,,,,,,,,
,,,,,,,,
,,,,,,,,
,,,,,,,,
,,,,,,,,
,,,,,,,,
,,,,,,,,
,,,,,,,,
,,,,,,,,
,,,,,,,,
,,,,,,,,
,,,,,,,,
,,,,,,,,
,,,,,,,,
,,,,,,,,
,,,,,,,,
,,,,,,,,
,,,,,,,,
,,,,,,,,
,,,,,,,,
,,,,,,,,
,,,,,,,,
,,,,,,,,
,,,,,,,,
,,,,,,,,
,,,,,,,,
,,,,,,,,
,,,,,,,,
,,,,,,,,
,,,,,,,,
,,,,,,,,
,,,,,,,,
,,,,,,,,
,,,,,,,,
,,,,,,,,
,,,,,,,,
,,,,,,,,
,,,,,,,,
,,,,,,,,
,,,,,,,,
,,,,,,,,
,,,,,,,,
,,,,,,,,
,,,,,,,,
,,,,,,,,
,,,,,,,,
,,,,,,,,
,,,,,,,,
,,,,,,,,
,,,,,,,,
,,,,,,,,
,,,,,,,,
,,,,,,,,
,,,,,,,,
,,,,,,,,
,,,,,,,,
,,,,,,,,
,,,,,,,,
,,,,,,,,
,,,,,,,,
,,,,,,,,
,,,,,,,,
,,,,,,,,
,,,,,,,,
,,,,,,,,
,,,,,,,,
,,,,,,,,
,,,,,,,,
,,,,,,,,
,,,,,,,,
,,,,,,,,
,,,,,,,,
,,,,,,,,
,,,,,,,,
,,,,,,,,
,,,,,,,,
,,,,,,,,
,,,,,,,,
,,,,,,,,
,,,,,,,,
,,,,,,,,
,,,,,,,,
,,,,,,,,
,,,,,,,,
,,,,,,,,
,,,,,,,,
,,,,,,,,
,,,,,,,,
,,,,,,,,
,,,,,,,,
,,,,,,,,
,,,,,,,,
,,,,,,,,
,,,,,,,,
,,,,,,,,
,,,,,,,,
,,,,,,,,
,,,,,,,,
,,,,,,,,
,,,,,,,,
,,,,,,,,
,,,,,,,,
,,,,,,,,
,,,,,,,,
,,,,,,,,
,,,,,,,,
,,,,,,,,
,,,,,,,,
,,,,,,,,
,,,,,,,,
,,,,,,,,
,,,,,,,,
,,,,,,,,
,,,,,,,,
,,,,,,,,
,,,,,,,,
,,,,,,,,
,,,,,,,,
,,,,,,,,
,,,,,,,,
,,,,,,,,
,,,,,,,,
,,,,,,,,
,,,,,,,,
,,,,,,,,
,,,,,,,,
,,,,,,,,
,,,,,,,,
,,,,,,,,
,,,,,,,,
,,,,,,,,
,,,,,,,,
,,,,,,,,
,,,,,,,,
,,,,,,,,
,,,,,,,,
,,,,,,,,
,,,,,,,,
,,,,,,,,
,,,,,,,,
,,,,,,,,
,,,,,,,,
,,,,,,,,
,,,,,,,,
,,,,,,,,
,,,,,,,,
,,,,,,,,
,,,,,,,,
,,,,,,,,
,,,,,,,,
,,,,,,,,
,,,,,,,,
,,,,,,,,
,,,,,,,,
,,,,,,,,
,,,,,,,,
,,,,,,,,
,,,,,,,,
,,,,,,,,
,,,,,,,,
,,,,,,,,
,,,,,,,,
,,,,,,,,
,,,,,,,,
,,,,,,,,
,,,,,,,,
,,,,,,,,
,,,,,,,,
,,,,,,,,
,,,,,,,,
,,,,,,,,
,,,,,,,,
,,,,,,,,
,,,,,,,,
,,,,,,,,
,,,,,,,,
,,,,,,,,
,,,,,,,,
,,,,,,,,
,,,,,,,,
,,,,,,,,
,,,,,,,,
,,,,,,,,
,,,,,,,,
,,,,,,,,
,,,,,,,,
,,,,,,,,
,,,,,,,,
,,,,,,,,
,,,,,,,,
,,,,,,,,
,,,,,,,,
,,,,,,,,
,,,,,,,,
,,,,,,,,
,,,,,,,,
,,,,,,,,
,,,,,,,,
,,,,,,,,
,,,,,,,,
,,,,,,,,
,,,,,,,,
,,,,,,,,
,,,,,,,,
,,,,,,,,
,,,,,,,,
,,,,,,,,
,,,,,,,,
,,,,,,,,
,,,,,,,,
,,,,,,,,
,,,,,,,,
,,,,,,,,
,,,,,,,,
,,,,,,,,
,,,,,,,,
,,,,,,,,
,,,,,,,,
,,,,,,,,
,,,,,,,,
,,,,,,,,
,,,,,,,,
,,,,,,,,
,,,,,,,,
,,,,,,,,
,,,,,,,,
,,,,,,,,
,,,,,,,,
,,,,,,,,
,,,,,,,,
,,,,,,,,
,,,,,,,,
,,,,,,,,
,,,,,,,,
,,,,,,,,
,,,,,,,,
,,,,,,,,
,,,,,,,,
,,,,,,,,
,,,,,,,,
,,,,,,,,
,,,,,,,,
,,,,,,,,
,,,,,,,,
,,,,,,,,
,,,,,,,,
,,,,,,,,
,,,,,,,,
,,,,,,,,
,,,,,,,,
,,,,,,,,
,,,,,,,,
,,,,,,,,
,,,,,,,,
,,,,,,,,
,,,,,,,,
,,,,,,,,
,,,,,,,,
,,,,,,,,
,,,,,,,,
,,,,,,,,
,,,,,,,,
,,,,,,,,
,,,,,,,,
,,,,,,,,
,,,,,,,,
,,,,,,,,
,,,,,,,,
,,,,,,,,
,,,,,,,,
,,,,,,,,
,,,,,,,,
,,,,,,,,
,,,,,,,,
,,,,,,,,
,,,,,,,,
,,,,,,,,
,,,,,,,,
,,,,,,,,
,,,,,,,,
,,,,,,,,
,,,,,,,,
,,,,,,,,
,,,,,,,,
,,,,,,,,
,,,,,,,,
,,,,,,,,
,,,,,,,,
,,,,,,,,
,,,,,,,,
,,,,,,,,
,,,,,,,,
,,,,,,,,
,,,,,,,,
,,,,,,,,
,,,,,,,,
,,,,,,,,
,,,,,,,,
,,,,,,,,
,,,,,,,,
,,,,,,,,
,,,,,,,,
,,,,,,,,
,,,,,,,,
,,,,,,,,
,,,,,,,,
,,,,,,,,
,,,,,,,,
,,,,,,,,
,,,,,,,,
,,,,,,,,
,,,,,,,,
,,,,,,,,
,,,,,,,,
,,,,,,,,
,,,,,,,,
,,,,,,,,
,,,,,,,,
,,,,,,,,
,,,,,,,,
,,,,,,,,
,,,,,,,,
,,,,,,,,
,,,,,,,,
,,,,,,,,
,,,,,,,,
,,,,,,,,
,,,,,,,,
,,,,,,,,
,,,,,,,,
,,,,,,,,
,,,,,,,,
,,,,,,,,
,,,,,,,,
,,,,,,,,
,,,,,,,,
,,,,,,,,
,,,,,,,,
,,,,,,,,
,,,,,,,,
,,,,,,,,
,,,,,,,,
,,,,,,,,
,,,,,,,,
,,,,,,,,
,,,,,,,,
,,,,,,,,
,,,,,,,,
,,,,,,,,
,,,,,,,,
,,,,,,,,
,,,,,,,,
,,,,,,,,
,,,,,,,,
,,,,,,,,
,,,,,,,,
,,,,,,,,
,,,,,,,,
,,,,,,,,
,,,,,,,,
,,,,,,,,
,,,,,,,,
,,,,,,,,
,,,,,,,,
,,,,,,,,
,,,,,,,,
,,,,,,,,
,,,,,,,,
,,,,,,,,
,,,,,,,,
,,,,,,,,
,,,,,,,,
,,,,,,,,
,,,,,,,,
,,,,,,,,
,,,,,,,,
,,,,,,,,
,,,,,,,,
,,,,,,,,
,,,,,,,,
,,,,,,,,
,,,,,,,,
,,,,,,,,
,,,,,,,,
,,,,,,,,
,,,,,,,,
,,,,,,,,
,,,,,,,,
,,,,,,,,
,,,,,,,,
,,,,,,,,
,,,,,,,,
,,,,,,,,
,,,,,,,,
,,,,,,,,
,,,,,,,,
,,,,,,,,
,,,,,,,,
,,,,,,,,
,,,,,,,,
,,,,,,,,
,,,,,,,,
,,,,,,,,
,,,,,,,,
,,,,,,,,
,,,,,,,,
,,,,,,,,
,,,,,,,,
,,,,,,,,
,,,,,,,,
,,,,,,,,
,,,,,,,,
,,,,,,,,
,,,,,,,,
,,,,,,,,
,,,,,,,,
,,,,,,,,
,,,,,,,,
,,,,,,,,
,,,,,,,,
,,,,,,,,
,,,,,,,,
,,,,,,,,
,,,,,,,,
,,,,,,,,
,,,,,,,,
,,,,,,,,
,,,,,,,,
,,,,,,,,
,,,,,,,,
,,,,,,,,
,,,,,,,,
,,,,,,,,
,,,,,,,,
,,,,,,,,
,,,,,,,,
,,,,,,,,
,,,,,,,,
,,,,,,,,
,,,,,,,,
,,,,,,,,
,,,,,,,,
,,,,,,,,
,,,,,,,,
,,,,,,,,
,,,,,,,,
,,,,,,,,
,,,,,,,,
,,,,,,,,
,,,,,,,,
,,,,,,,,
,,,,,,,,
,,,,,,,,
,,,,,,,,
,,,,,,,,
,,,,,,,,
,,,,,,,,
,,,,,,,,
,,,,,,,,
,,,,,,,,
,,,,,,,,
,,,,,,,,
,,,,,,,,
,,,,,,,,
,,,,,,,,
,,,,,,,,
,,,,,,,,
,,,,,,,,
,,,,,,,,
,,,,,,,,
,,,,,,,,
,,,,,,,,
,,,,,,,,
,,,,,,,,
,,,,,,,,
,,,,,,,,
,,,,,,,,
,,,,,,,,
,,,,,,,,
,,,,,,,,
,,,,,,,,
,,,,,,,,
,,,,,,,,
,,,,,,,,
,,,,,,,,
,,,,,,,,
,,,,,,,,
,,,,,,,,
,,,,,,,,
,,,,,,,,
,,,,,,,,
,,,,,,,,
,,,,,,,,
,,,,,,,,
,,,,,,,,
,,,,,,,,
,,,,,,,,
,,,,,,,,
,,,,,,,,
,,,,,,,,
,,,,,,,,
,,,,,,,,
,,,,,,,,
,,,,,,,,
,,,,,,,,
,,,,,,,,
,,,,,,,,
,,,,,,,,
,,,,,,,,
,,,,,,,,
,,,,,,,,
,,,,,,,,
,,,,,,,,
,,,,,,,,
,,,,,,,,
,,,,,,,,
,,,,,,,,
,,,,,,,,
,,,,,,,,
,,,,,,,,
,,,,,,,,
,,,,,,,,
,,,,,,,,
,,,,,,,,
,,,,,,,,
,,,,,,,,
,,,,,,,,
,,,,,,,,
,,,,,,,,
,,,,,,,,
,,,,,,,,
,,,,,,,,
,,,,,,,,
,,,,,,,,
,,,,,,,,
,,,,,,,,
,,,,,,,,
,,,,,,,,
,,,,,,,,
,,,,,,,,
,,,,,,,,
,,,,,,,,
,,,,,,,,
,,,,,,,,
,,,,,,,,
,,,,,,,,
,,,,,,,,
,,,,,,,,
,,,,,,,,
,,,,,,,,
,,,,,,,,
,,,,,,,,
,,,,,,,,
,,,,,,,,
,,,,,,,,
,,,,,,,,
,,,,,,,,
,,,,,,,,
,,,,,,,,
,,,,,,,,
,,,,,,,,
,,,,,,,,
,,,,,,,,
,,,,,,,,
,,,,,,,,
,,,,,,,,
,,,,,,,,
,,,,,,,,
,,,,,,,,
,,,,,,,,
,,,,,,,,
,,,,,,,,
,,,,,,,,
,,,,,,,,
,,,,,,,,
,,,,,,,,
,,,,,,,,
,,,,,,,,
,,,,,,,,
,,,,,,,,
,,,,,,,,
,,,,,,,,
,,,,,,,,
,,,,,,,,
,,,,,,,,
,,,,,,,,
,,,,,,,,
,,,,,,,,
,,,,,,,,
,,,,,,,,
,,,,,,,,
,,,,,,,,
,,,,,,,,
,,,,,,,,
,,,,,,,,
,,,,,,,,
,,,,,,,,
,,,,,,,,
,,,,,,,,
,,,,,,,,
,,,,,,,,
,,,,,,,,
,,,,,,,,
,,,,,,,,
,,,,,,,,
,,,,,,,,
,,,,,,,,
,,,,,,,,
,,,,,,,,
,,,,,,,,
,,,,,,,,
,,,,,,,,
,,,,,,,,
,,,,,,,,
,,,,,,,,
,,,,,,,,
,,,,,,,,
,,,,,,,,
,,,,,,,,
,,,,,,,,
,,,,,,,,
,,,,,,,,
,,,,,,,,
,,,,,,,,
,,,,,,,,
,,,,,,,,
,,,,,,,,
,,,,,,,,
,,,,,,,,
,,,,,,,,
,,,,,,,,
,,,,,,,,
,,,,,,,,
,,,,,,,,
,,,,,,,,
,,,,,,,,
,,,,,,,,
,,,,,,,,
,,,,,,,,
,,,,,,,,
,,,,,,,,
,,,,,,,,
,,,,,,,,
,,,,,,,,
,,,,,,,,
,,,,,,,,
,,,,,,,,
,,,,,,,,
,,,,,,,,
,,,,,,,,
,,,,,,,,
,,,,,,,,
,,,,,,,,
,,,,,,,,
,,,,,,,,
,,,,,,,,
,,,,,,,,
,,,,,,,,
,,,,,,,,
,,,,,,,,
,,,,,,,,
,,,,,,,,
,,,,,,,,
,,,,,,,,
,,,,,,,,
,,,,,,,,
,,,,,,,,
,,,,,,,,
,,,,,,,,
,,,,,,,,
,,,,,,,,
,,,,,,,,
,,,,,,,,
,,,,,,,,
,,,,,,,,
,,,,,,,,
,,,,,,,,
,,,,,,,,
,,,,,,,,
,,,,,,,,
,,,,,,,,
,,,,,,,,
,,,,,,,,
,,,,,,,,
,,,,,,,,
,,,,,,,,
,,,,,,,,
,,,,,,,,
,,,,,,,,
,,,,,,,,
,,,,,,,,
,,,,,,,,
,,,,,,,,
,,,,,,,,
,,,,,,,,
,,,,,,,,
,,,,,,,,
,,,,,,,,
,,,,,,,,
,,,,,,,,
,,,,,,,,
,,,,,,,,
,,,,,,,,
,,,,,,,,
,,,,,,,,
,,,,,,,,
,,,,,,,,
,,,,,,,,
,,,,,,,,
,,,,,,,,
,,,,,,,,
,,,,,,,,
,,,,,,,,
,,,,,,,,
,,,,,,,,
,,,,,,,,
,,,,,,,,
,,,,,,,,
,,,,,,,,
,,,,,,,,
,,,,,,,,
,,,,,,,,
,,,,,,,,
,,,,,,,,
,,,,,,,,
,,,,,,,,
,,,,,,,,
,,,,,,,,
,,,,,,,,
,,,,,,,,
,,,,,,,,
,,,,,,,,
,,,,,,,,
,,,,,,,,
,,,,,,,,
,,,,,,,,
,,,,,,,,
,,,,,,,,
,,,,,,,,
,,,,,,,,
,,,,,,,,
,,,,,,,,
,,,,,,,,
,,,,,,,,
,,,,,,,,
,,,,,,,,
,,,,,,,,
,,,,,,,,
,,,,,,,,
,,,,,,,,
,,,,,,,,
,,,,,,,,
,,,,,,,,
,,,,,,,,
,,,,,,,,
,,,,,,,,
,,,,,,,,
,,,,,,,,
,,,,,,,,
,,,,,,,,
,,,,,,,,
,,,,,,,,
,,,,,,,,
,,,,,,,,
,,,,,,,,
,,,,,,,,
,,,,,,,,
,,,,,,,,
,,,,,,,,
,,,,,,,,
,,,,,,,,
,,,,,,,,
,,,,,,,,
,,,,,,,,
,,,,,,,,
,,,,,,,,
,,,,,,,,
,,,,,,,,
,,,,,,,,
,,,,,,,,
,,,,,,,,
,,,,,,,,
,,,,,,,,
,,,,,,,,
,,,,,,,,
,,,,,,,,
,,,,,,,,
,,,,,,,,
,,,,,,,,
,,,,,,,,
,,,,,,,,
,,,,,,,,
,,,,,,,,
,,,,,,,,
,,,,,,,,
,,,,,,,,
,,,,,,,,
,,,,,,,,
,,,,,,,,
,,,,,,,,
,,,,,,,,
,,,,,,,,
,,,,,,,,
,,,,,,,,
,,,,,,,,
,,,,,,,,
,,,,,,,,
,,,,,,,,
,,,,,,,,
,,,,,,,,
,,,,,,,,
,,,,,,,,
,,,,,,,,
,,,,,,,,
,,,,,,,,
,,,,,,,,
,,,,,,,,
,,,,,,,,
,,,,,,,,
,,,,,,,,
,,,,,,,,
,,,,,,,,
,,,,,,,,
,,,,,,,,
,,,,,,,,
,,,,,,,,
,,,,,,,,
,,,,,,,,
,,,,,,,,
,,,,,,,,
,,,,,,,,
,,,,,,,,
,,,,,,,,
,,,,,,,,
,,,,,,,,
,,,,,,,,
,,,,,,,,
,,,,,,,,
,,,,,,,,
,,,,,,,,
,,,,,,,,
,,,,,,,,
,,,,,,,,
,,,,,,,,
,,,,,,,,
,,,,,,,,
,,,,,,,,
,,,,,,,,
,,,,,,,,
,,,,,,,,
,,,,,,,,
,,,,,,,,
,,,,,,,,
,,,,,,,,
,,,,,,,,
,,,,,,,,
,,,,,,,,
,,,,,,,,
,,,,,,,,
,,,,,,,,
,,,,,,,,
,,,,,,,,
,,,,,,,,
,,,,,,,,
,,,,,,,,
,,,,,,,,
,,,,,,,,
,,,,,,,,
,,,,,,,,
,,,,,,,,
,,,,,,,,
,,,,,,,,
,,,,,,,,
,,,,,,,,
,,,,,,,,
,,,,,,,,
,,,,,,,,
,,,,,,,,
,,,,,,,,
,,,,,,,,
,,,,,,,,
,,,,,,,,
,,,,,,,,
,,,,,,,,
,,,,,,,,
,,,,,,,,
,,,,,,,,
,,,,,,,,
,,,,,,,,
,,,,,,,,
,,,,,,,,
,,,,,,,,
,,,,,,,,
,,,,,,,,
,,,,,,,,
,,,,,,,,
,,,,,,,,
,,,,,,,,
,,,,,,,,
,,,,,,,,
,,,,,,,,
,,,,,,,,
,,,,,,,,
,,,,,,,,
,,,,,,,,
,,,,,,,,
,,,,,,,,
,,,,,,,,
,,,,,,,,
,,,,,,,,
,,,,,,,,
,,,,,,,,
,,,,,,,,
,,,,,,,,
,,,,,,,,
,,,,,,,,
,,,,,,,,
,,,,,,,,
,,,,,,,,
,,,,,,,,
,,,,,,,,
,,,,,,,,
,,,,,,,,
,,,,,,,,
,,,,,,,,
,,,,,,,,
,,,,,,,,
,,,,,,,,
,,,,,,,,
,,,,,,,,
,,,,,,,,
,,,,,,,,
,,,,,,,,
,,,,,,,,
,,,,,,,,
,,,,,,,,
,,,,,,,,
,,,,,,,,
,,,,,,,,
,,,,,,,,
,,,,,,,,
,,,,,,,,
,,,,,,,,
,,,,,,,,
,,,,,,,,
,,,,,,,,
,,,,,,,,
,,,,,,,,
,,,,,,,,
,,,,,,,,
,,,,,,,,
,,,,,,,,
,,,,,,,,
,,,,,,,,
,,,,,,,,
,,,,,,,,
,,,,,,,,
,,,,,,,,
,,,,,,,,
,,,,,,,,
,,,,,,,,
,,,,,,,,
,,,,,,,,
,,,,,,,,
,,,,,,,,
,,,,,,,,
,,,,,,,,
,,,,,,,,
,,,,,,,,
,,,,,,,,
,,,,,,,,
,,,,,,,,
,,,,,,,,
,,,,,,,,
,,,,,,,,
,,,,,,,,
,,,,,,,,
,,,,,,,,
,,,,,,,,
,,,,,,,,
,,,,,,,,
,,,,,,,,
,,,,,,,,
,,,,,,,,
,,,,,,,,
,,,,,,,,
,,,,,,,,
,,,,,,,,
,,,,,,,,
,,,,,,,,
,,,,,,,,
,,,,,,,,
,,,,,,,,
,,,,,,,,
,,,,,,,,
,,,,,,,,
,,,,,,,,
,,,,,,,,
,,,,,,,,
,,,,,,,,
,,,,,,,,
,,,,,,,,
,,,,,,,,
,,,,,,,,
,,,,,,,,
,,,,,,,,
,,,,,,,,
,,,,,,,,
,,,,,,,,
,,,,,,,,
,,,,,,,,
,,,,,,,,
,,,,,,,,
,,,,,,,,
,,,,,,,,
,,,,,,,,
,,,,,,,,
,,,,,,,,
,,,,,,,,
,,,,,,,,
,,,,,,,,
,,,,,,,,
,,,,,,,,
,,,,,,,,
,,,,,,,,
,,,,,,,,
,,,,,,,,
,,,,,,,,
,,,,,,,,
,,,,,,,,
,,,,,,,,
,,,,,,,,
,,,,,,,,
,,,,,,,,
,,,,,,,,
,,,,,,,,
,,,,,,,,
,,,,,,,,
,,,,,,,,
,,,,,,,,
,,,,,,,,
,,,,,,,,
,,,,,,,,
,,,,,,,,
,2083,2083,TRUE,NRT,Asia Pacific,Tokyo,112,6.44
,2087,2087,TRUE,NRT,Asia Pacific,Tokyo,111,6.44
,2083,2083,TRUE,NRT,Asia Pacific,Tokyo,96,6.43
,8880,8880,FALSE,NRT,Asia Pacific,Tokyo,82,6.43
,2053,2053,TRUE,NRT,Asia Pacific,Tokyo,104,6.43
,2096,2096,TRUE,NRT,Asia Pacific,Tokyo,84,6.43
,8443,8443,TRUE,NRT,Asia Pacific,Tokyo,83,6.42
,2053,2053,TRUE,NRT,Asia Pacific,Tokyo,81,6.39
,2096,2096,TRUE,NRT,Asia Pacific,Tokyo,162,6.38
,2083,2083,TRUE,NRT,Asia Pacific,Tokyo,122,6.38
,8880,8880,FALSE,NRT,Asia Pacific,Tokyo,81,6.36
,2053,2053,TRUE,NRT,Asia Pacific,Tokyo,94,6.34
,2082,2082,FALSE,NRT,Asia Pacific,Tokyo,74,6.34
,2087,2087,TRUE,NRT,Asia Pacific,Tokyo,90,6.33
,2096,2096,TRUE,NRT,Asia Pacific,Tokyo,108,6.33
,2083,2083,TRUE,NRT,Asia Pacific,Tokyo,72,6.32
,8443,8443,TRUE,NRT,Asia Pacific,Tokyo,86,6.32
,8880,8880,FALSE,NRT,Asia Pacific,Tokyo,91,6.32
,2087,2087,TRUE,NRT,Asia Pacific,Tokyo,98,6.3
,2082,2082,FALSE,NRT,Asia Pacific,Tokyo,85,6.3
,2095,2095,FALSE,HKG,Asia Pacific,Hong Kong,132,6.27
,8080,8080,FALSE,NRT,Asia Pacific,Tokyo,87,6.26
,2086,2086,FALSE,NRT,Asia Pacific,Tokyo,76,6.26
,2053,2053,TRUE,NRT,Asia Pacific,Tokyo,110,6.25
,443,443,TRUE,FRA,Europe,Frankfurt,178,6.24
,2096,2096,TRUE,HKG,Asia Pacific,Hong Kong,183,6.24
,2083,2083,TRUE,NRT,Asia Pacific,Tokyo,97,6.23
,2082,2082,FALSE,NRT,Asia Pacific,Tokyo,76,6.23
,2087,2087,TRUE,HKG,Asia Pacific,Hong Kong,216,6.23
,2095,2095,FALSE,NRT,Asia Pacific,Tokyo,84,6.22
,2096,2096,TRUE,NRT,Asia Pacific,Tokyo,138,6.21
,2086,2086,FALSE,NRT,Asia Pacific,Tokyo,84,6.21
,2095,2095,FALSE,NRT,Asia Pacific,Tokyo,87,6.21
,2096,2096,TRUE,NRT,Asia Pacific,Tokyo,122,6.2
,2053,2053,TRUE,NRT,Asia Pacific,Tokyo,81,6.2
,2087,2087,TRUE,NRT,Asia Pacific,Tokyo,221,6.17
,8443,8443,TRUE,NRT,Asia Pacific,Tokyo,119,6.17
,443,443,TRUE,FRA,Europe,Frankfurt,170,6.17
,2083,2083,TRUE,NRT,Asia Pacific,Tokyo,170,6.16
,2095,2095,FALSE,NRT,Asia Pacific,Tokyo,72,6.16
,2082,2082,FALSE,NRT,Asia Pacific,Tokyo,89,6.16
,2083,2083,TRUE,NRT,Asia Pacific,Tokyo,108,6.16
,8080,8080,FALSE,NRT,Asia Pacific,Tokyo,86,6.15
,2052,2052,FALSE,HKG,Asia Pacific,Hong Kong,128,6.14
,2096,2096,TRUE,NRT,Asia Pacific,Tokyo,79,6.13
,2096,2096,TRUE,NRT,Asia Pacific,Tokyo,77,6.12
,2096,2096,TRUE,NRT,Asia Pacific,Tokyo,80,6.11
,2086,2086,FALSE,NRT,Asia Pacific,Tokyo,90,6.11
,2087,2087,TRUE,NRT,Asia Pacific,Tokyo,70,6.1
,8880,8880,FALSE,HKG,Asia Pacific,Hong Kong,126,6.09
,2053,2053,TRUE,NRT,Asia Pacific,Tokyo,99,6.09
,2095,2095,FALSE,NRT,Asia Pacific,Tokyo,89,6.06
,8080,8080,FALSE,NRT,Asia Pacific,Tokyo,72,6.06
,2053,2053,TRUE,NRT,Asia Pacific,Tokyo,97,6.05
,8443,8443,TRUE,NRT,Asia Pacific,Tokyo,92,6.05
,2052,2052,FALSE,NRT,Asia Pacific,Tokyo,80,6.04
,2082,2082,FALSE,NRT,Asia Pacific,Tokyo,71,6.04
,2083,2083,TRUE,NRT,Asia Pacific,Tokyo,87,6.04
,8443,8443,TRUE,NRT,Asia Pacific,Tokyo,98,6.04
,8443,443,TRUE,IAD,North America,Ashburn,245,6.04
,2053,2053,TRUE,NRT,Asia Pacific,Tokyo,87,6.03
,8443,8443,TRUE,NRT,Asia Pacific,Tokyo,92,6.01
,8080,8080,FALSE,NRT,Asia Pacific,Tokyo,85,6
,8880,8880,FALSE,NRT,Asia Pacific,Tokyo,71,5.98
,80,80,FALSE,NRT,Asia Pacific,Tokyo,71,5.98
,2096,2096,TRUE,NRT,Asia Pacific,Tokyo,125,5.97
,8443,80,FALSE,KIX,Asia Pacific,Osaka,71,5.97
,2053,2053,TRUE,NRT,Asia Pacific,Tokyo,93,5.96
,8080,8080,FALSE,HKG,Asia Pacific,Hong Kong,138,5.95
,2087,2087,TRUE,NRT,Asia Pacific,Tokyo,83,5.95
,80,80,FALSE,NRT,Asia Pacific,Tokyo,85,5.94
,2087,2087,TRUE,NRT,Asia Pacific,Tokyo,77,5.94
,2083,2083,TRUE,NRT,Asia Pacific,Tokyo,197,5.94
,443,443,TRUE,SIN,Asia Pacific,Singapore,71,5.93
,2053,2053,TRUE,NRT,Asia Pacific,Tokyo,79,5.92
,8443,8443,TRUE,NRT,Asia Pacific,Tokyo,72,5.92
,2095,2095,FALSE,NRT,Asia Pacific,Tokyo,70,5.91
,443,443,TRUE,FRA,Europe,Frankfurt,212,5.91
,2082,2082,FALSE,NRT,Asia Pacific,Tokyo,71,5.91
,2083,2083,TRUE,NRT,Asia Pacific,Tokyo,96,5.89
,2083,2083,TRUE,NRT,Asia Pacific,Tokyo,83,5.89
,2087,2087,TRUE,NRT,Asia Pacific,Tokyo,87,5.89
,80,80,FALSE,NRT,Asia Pacific,Tokyo,88,5.89
,2053,2053,TRUE,NRT,Asia Pacific,Tokyo,146,5.87
,8443,8443,TRUE,NRT,Asia Pacific,Tokyo,86,5.85
,2082,2082,FALSE,NRT,Asia Pacific,Tokyo,82,5.84
,2083,2083,TRUE,NRT,Asia Pacific,Tokyo,80,5.84
,2083,2083,TRUE,NRT,Asia Pacific,Tokyo,89,5.84
,8080,8080,FALSE,NRT,Asia Pacific,Tokyo,71,5.83
,443,443,TRUE,LAX,North America,Los Angeles,222,5.82
,8880,8880,FALSE,NRT,Asia Pacific,Tokyo,75,5.82
,8443,8443,TRUE,NRT,Asia Pacific,Tokyo,77,5.82
,2087,2087,TRUE,NRT,Asia Pacific,Tokyo,76,5.8
,2053,2053,TRUE,NRT,Asia Pacific,Tokyo,110,5.8
,8080,8080,FALSE,NRT,Asia Pacific,Tokyo,80,5.78
,2052,2052,FALSE,NRT,Asia Pacific,Tokyo,75,5.75
,2052,2052,FALSE,NRT,Asia Pacific,Tokyo,71,5.74
,443,443,TRUE,KIX,Asia Pacific,Osaka,66,5.73
,2082,2082,FALSE,HKG,Asia Pacific,Hong Kong,139,5.71
,2082,2082,FALSE,NRT,Asia Pacific,Tokyo,69,5.7
,2087,2087,TRUE,NRT,Asia Pacific,Tokyo,90,5.7
,2083,2083,TRUE,NRT,Asia Pacific,Tokyo,81,5.7
,443,443,TRUE,FRA,Europe,Frankfurt,233,5.69
,2095,2095,FALSE,NRT,Asia Pacific,Tokyo,70,5.69
,2087,2087,TRUE,NRT,Asia Pacific,Tokyo,115,5.68
,443,443,TRUE,SIN,Asia Pacific,Singapore,1,5.66
,8880,8880,FALSE,NRT,Asia Pacific,Tokyo,80,5.66
,2052,2052,FALSE,NRT,Asia Pacific,Tokyo,79,5.65
,2052,2052,FALSE,HKG,Asia Pacific,Hong Kong,154,5.63
,8880,8880,FALSE,NRT,Asia Pacific,Tokyo,92,5.62
,8443,8443,TRUE,NRT,Asia Pacific,Tokyo,83,5.62
,443,443,TRUE,DXB,Middle East,Dubai,88,5.62
,8080,8080,FALSE,NRT,Asia Pacific,Tokyo,89,5.61
,80,80,FALSE,HKG,Asia Pacific,Hong Kong,128,5.61
,2053,2053,TRUE,NRT,Asia Pacific,Tokyo,120,5.6
,8443,8443,TRUE,HKG,Asia Pacific,Hong Kong,172,5.58
,2086,2086,FALSE,NRT,Asia Pacific,Tokyo,86,5.54
,8880,8880,FALSE,NRT,Asia Pacific,Tokyo,75,5.52
,2083,2083,TRUE,NRT,Asia Pacific,Tokyo,81,5.52
,8443,8443,TRUE,NRT,Asia Pacific,Tokyo,107,5.52
,443,443,TRUE,FRA,Europe,Frankfurt,499,5.51
,80,80,FALSE,NRT,Asia Pacific,Tokyo,80,5.51
,8443,8443,TRUE,NRT,Asia Pacific,Tokyo,94,5.51
,443,443,TRUE,FRA,Europe,Frankfurt,211,5.5
,2053,2053,TRUE,NRT,Asia Pacific,Tokyo,121,5.49
,443,443,TRUE,FRA,Europe,Frankfurt,263,5.48
,443,0,TRUE,ICN,Asia Pacific,Seoul,85,5.46
,8080,8080,FALSE,NRT,Asia Pacific,Tokyo,69,5.46
,2095,2095,FALSE,NRT,Asia Pacific,Tokyo,77,5.45
,2082,2082,FALSE,NRT,Asia Pacific,Tokyo,92,5.44
,2096,443,TRUE,FRA,Europe,Frankfurt,164,5.42
,2082,2082,FALSE,NRT,Asia Pacific,Tokyo,87,5.4
,8443,8443,TRUE,NRT,Asia Pacific,Tokyo,73,5.4
,2086,2086,FALSE,HKG,Asia Pacific,Hong Kong,144,5.4
,2086,2086,FALSE,NRT,Asia Pacific,Tokyo,90,5.39
,2096,2096,TRUE,NRT,Asia Pacific,Tokyo,80,5.39
,2087,2087,TRUE,HKG,Asia Pacific,Hong Kong,193,5.39
,2082,2082,FALSE,NRT,Asia Pacific,Tokyo,91,5.38
,2087,2087,TRUE,HKG,Asia Pacific,Hong Kong,146,5.38
,443,443,TRUE,KIX,Asia Pacific,Osaka,92,5.38
,2095,2095,FALSE,NRT,Asia Pacific,Tokyo,75,5.37
,2053,2053,TRUE,NRT,Asia Pacific,Tokyo,100,5.35
,2053,2053,TRUE,HKG,Asia Pacific,Hong Kong,154,5.35
,8443,8443,TRUE,NRT,Asia Pacific,Tokyo,89,5.34
,2096,2096,TRUE,NRT,Asia Pacific,Tokyo,102,5.34
,443,443,TRUE,FRA,Europe,Frankfurt,219,5.34
,2082,2082,FALSE,HKG,Asia Pacific,Hong Kong,134,5.32
,2087,2087,TRUE,NRT,Asia Pacific,Tokyo,166,5.31
,443,443,TRUE,NRT,Asia Pacific,Tokyo,93,5.3
,8443,80,FALSE,ICN,Asia Pacific,Seoul,85,5.29
,2096,2096,TRUE,NRT,Asia Pacific,Tokyo,104,5.27
,2083,2083,TRUE,NRT,Asia Pacific,Tokyo,81,5.26
,2086,2086,FALSE,NRT,Asia Pacific,Tokyo,82,5.26
,2095,2095,FALSE,HKG,Asia Pacific,Hong Kong,133,5.24
,80,80,FALSE,HKG,Asia Pacific,Hong Kong,143,5.24
,80,80,FALSE,NRT,Asia Pacific,Tokyo,77,5.22
,2082,2082,FALSE,NRT,Asia Pacific,Tokyo,70,5.21
,2095,2095,FALSE,NRT,Asia Pacific,Tokyo,77,5.21
,2087,2087,TRUE,NRT,Asia Pacific,Tokyo,97,5.19
,2096,2096,TRUE,NRT,Asia Pacific,Tokyo,100,5.17
,2053,2053,TRUE,NRT,Asia Pacific,Tokyo,132,5.16
,2095,2095,FALSE,NRT,Asia Pacific,Tokyo,81,5.16
,2087,2087,TRUE,HKG,Asia Pacific,Hong Kong,164,5.12
,80,80,FALSE,NRT,Asia Pacific,Tokyo,75,5.11
,8080,8080,FALSE,HKG,Asia Pacific,Hong Kong,135,5.1
,2082,2082,FALSE,NRT,Asia Pacific,Tokyo,83,5.1
,2083,2083,TRUE,NRT,Asia Pacific,Tokyo,82,5.09
,2096,2096,TRUE,NRT,Asia Pacific,Tokyo,80,5.09
,8880,8880,FALSE,HKG,Asia Pacific,Hong Kong,146,5.09
,2096,2096,TRUE,NRT,Asia Pacific,Tokyo,86,5.08
,2087,2087,TRUE,NRT,Asia Pacific,Tokyo,79,5.07
,443,443,TRUE,FRA,Europe,Frankfurt,248,5.05
,8443,8443,TRUE,NRT,Asia Pacific,Tokyo,199,4.99
,2087,2087,TRUE,NRT,Asia Pacific,Tokyo,82,4.97
,80,80,FALSE,AMS,Europe,Amsterdam,86,4.96
,8443,8443,TRUE,HKG,Asia Pacific,Hong Kong,139,4.95
,8443,8443,TRUE,HKG,Asia Pacific,Hong Kong,176,4.95
,2053,2053,TRUE,NRT,Asia Pacific,Tokyo,94,4.94
,2086,2086,FALSE,NRT,Asia Pacific,Tokyo,78,4.94
,8443,8443,TRUE,NRT,Asia Pacific,Tokyo,74,4.9
,2096,2096,TRUE,NRT,Asia Pacific,Tokyo,97,4.9
,8880,8880,FALSE,HKG,Asia Pacific,Hong Kong,140,4.88
,2053,2053,TRUE,NRT,Asia Pacific,Tokyo,161,4.87
,80,80,FALSE,NRT,Asia Pacific,Tokyo,72,4.87
,8443,8443,TRUE,NRT,Asia Pacific,Tokyo,81,4.85
,2053,2053,TRUE,NRT,Asia Pacific,Tokyo,73,4.85
,443,443,TRUE,NRT,Asia Pacific,Tokyo,139,4.82
,2083,2083,TRUE,NRT,Asia Pacific,Tokyo,105,4.82
,443,443,TRUE,AMS,Europe,Amsterdam,82,4.8
,2052,2052,FALSE,NRT,Asia Pacific,Tokyo,83,4.8
,8080,8080,FALSE,HKG,Asia Pacific,Hong Kong,148,4.8
,2086,2086,FALSE,NRT,Asia Pacific,Tokyo,94,4.79
,2087,2087,TRUE,NRT,Asia Pacific,Tokyo,82,4.76
,2083,2083,TRUE,NRT,Asia Pacific,Tokyo,95,4.76
,443,443,TRUE,FRA,Europe,Frankfurt,179,4.74
,2087,2087,TRUE,NRT,Asia Pacific,Tokyo,95,4.72
,80,0,FALSE,KIX,Asia Pacific,Osaka,70,4.71
,2096,2096,TRUE,NRT,Asia Pacific,Tokyo,176,4.71
,443,443,TRUE,NRT,Asia Pacific,Tokyo,82,4.69
,2083,2083,TRUE,HKG,Asia Pacific,Hong Kong,137,4.68
,8443,8443,TRUE,NRT,Asia Pacific,Tokyo,121,4.66
,443,443,TRUE,FRA,Europe,Frankfurt,225,4.66
,2096,2096,TRUE,HKG,Asia Pacific,Hong Kong,159,4.66
,8443,8443,TRUE,NRT,Asia Pacific,Tokyo,101,4.65
,443,443,TRUE,FRA,Europe,Frankfurt,240,4.65
,2053,2053,TRUE,NRT,Asia Pacific,Tokyo,89,4.65
,2087,2087,TRUE,NRT,Asia Pacific,Tokyo,75,4.65
,443,443,TRUE,AMS,Europe,Amsterdam,171,4.64
,8443,8443,TRUE,NRT,Asia Pacific,Tokyo,84,4.64
,2087,2087,TRUE,NRT,Asia Pacific,Tokyo,73,4.63
,2083,2083,TRUE,NRT,Asia Pacific,Tokyo,98,4.63
,8880,8880,FALSE,NRT,Asia Pacific,Tokyo,83,4.63
,443,443,TRUE,FRA,Europe,Frankfurt,167,4.62
,443,443,TRUE,LAX,North America,Los Angeles,177,4.62
,2052,2052,FALSE,HKG,Asia Pacific,Hong Kong,148,4.6
,443,443,TRUE,NRT,Asia Pacific,Tokyo,112,4.59
,2052,2052,FALSE,NRT,Asia Pacific,Tokyo,86,4.58
,8443,8443,TRUE,NRT,Asia Pacific,Tokyo,105,4.58
,2083,2083,TRUE,NRT,Asia Pacific,Tokyo,92,4.56
,8880,8880,FALSE,HKG,Asia Pacific,Hong Kong,135,4.56
,2053,2053,TRUE,NRT,Asia Pacific,Tokyo,73,4.55
,8443,443,TRUE,AMS,Europe,Amsterdam,213,4.55
,2052,2052,FALSE,NRT,Asia Pacific,Tokyo,89,4.54
,2087,2087,TRUE,NRT,Asia Pacific,Tokyo,74,4.54
,8443,443,TRUE,FRA,Europe,Frankfurt,177,4.52
,443,443,TRUE,FRA,Europe,Frankfurt,218,4.52
,8443,8443,TRUE,NRT,Asia Pacific,Tokyo,114,4.52
,8443,8443,TRUE,CDG,Europe,Paris,167,4.5
,2053,2053,TRUE,NRT,Asia Pacific,Tokyo,93,4.48
,443,443,TRUE,FRA,Europe,Frankfurt,200,4.48
,8443,8443,TRUE,NRT,Asia Pacific,Tokyo,112,4.48
,2083,2083,TRUE,NRT,Asia Pacific,Tokyo,92,4.48
,8080,8080,FALSE,HKG,Asia Pacific,Hong Kong,136,4.47
,8880,8880,FALSE,HKG,Asia Pacific,Hong Kong,133,4.47
,8080,8080,FALSE,HKG,Asia Pacific,Hong Kong,143,4.46
,2053,2053,TRUE,NRT,Asia Pacific,Tokyo,149,4.46
,2086,2086,FALSE,NRT,Asia Pacific,Tokyo,89,4.45
,8080,8080,FALSE,NRT,Asia Pacific,Tokyo,77,4.45
,443,443,TRUE,FRA,Europe,Frankfurt,170,4.44
,2087,2087,TRUE,NRT,Asia Pacific,Tokyo,86,4.4
,8443,443,TRUE,AMS,Europe,Amsterdam,204,4.36
,2053,2053,TRUE,NRT,Asia Pacific,Tokyo,103,4.36
,8443,8443,TRUE,NRT,Asia Pacific,Tokyo,99,4.36
,443,443,TRUE,FRA,Europe,Frankfurt,186,4.35
,443,443,TRUE,FRA,Europe,Frankfurt,200,4.34
,2087,2087,TRUE,NRT,Asia Pacific,Tokyo,75,4.34
,443,443,TRUE,FRA,Europe,Frankfurt,206,4.33
,443,443,TRUE,AMS,Europe,Amsterdam,166,4.32
,443,443,TRUE,FRA,Europe,Frankfurt,237,4.31
,8443,8443,TRUE,HKG,Asia Pacific,Hong Kong,164,4.3
,2096,2096,TRUE,HKG,Asia Pacific,Hong Kong,175,4.3
,2053,2053,TRUE,NRT,Asia Pacific,Tokyo,77,4.3
,2053,2053,TRUE,NRT,Asia Pacific,Tokyo,108,4.29
,8080,8080,FALSE,NRT,Asia Pacific,Tokyo,90,4.27
,2083,2083,TRUE,NRT,Asia Pacific,Tokyo,94,4.27
,443,443,TRUE,FRA,Europe,Frankfurt,175,4.25
,2086,2086,FALSE,NRT,Asia Pacific,Tokyo,82,4.23
,2083,2083,TRUE,HKG,Asia Pacific,Hong Kong,144,4.21
,2082,2082,FALSE,NRT,Asia Pacific,Tokyo,74,4.14
,2086,2086,FALSE,NRT,Asia Pacific,Tokyo,85,4.14
,8080,8080,FALSE,HKG,Asia Pacific,Hong Kong,126,4.13
,8080,8080,FALSE,HKG,Asia Pacific,Hong Kong,144,4.11
,2087,2087,TRUE,NRT,Asia Pacific,Tokyo,77,4.1
,443,443,TRUE,FRA,Europe,Frankfurt,188,4.1
,443,443,TRUE,KIX,Asia Pacific,Osaka,92,4.1
,2053,2053,TRUE,NRT,Asia Pacific,Tokyo,118,4.07
,2086,2086,FALSE,HKG,Asia Pacific,Hong Kong,142,4.06
,2053,443,TRUE,FRA,Europe,Frankfurt,173,4.05
,2053,2053,TRUE,NRT,Asia Pacific,Tokyo,85,4.02
,2095,2095,FALSE,NRT,Asia Pacific,Tokyo,69,4.02
,8880,8880,FALSE,NRT,Asia Pacific,Tokyo,91,4.02
,2053,2053,TRUE,NRT,Asia Pacific,Tokyo,176,4.01
,2052,2052,FALSE,HKG,Asia Pacific,Hong Kong,135,3.99
,2083,2083,TRUE,NRT,Asia Pacific,Tokyo,100,3.97
,2086,2086,FALSE,NRT,Asia Pacific,Tokyo,93,3.95
,443,443,TRUE,FRA,Europe,Frankfurt,215,3.93
,2087,2087,TRUE,HKG,Asia Pacific,Hong Kong,146,3.92
,80,80,FALSE,NRT,Asia Pacific,Tokyo,96,3.91
,443,443,TRUE,KIX,Asia Pacific,Osaka,72,3.86
,443,443,TRUE,FRA,Europe,Frankfurt,195,3.85
,2083,2083,TRUE,NRT,Asia Pacific,Tokyo,87,3.85
,2096,2096,TRUE,NRT,Asia Pacific,Tokyo,84,3.85
,2087,2087,TRUE,NRT,Asia Pacific,Tokyo,80,3.84
,2096,2096,TRUE,NRT,Asia Pacific,Tokyo,144,3.84
,2087,2087,TRUE,NRT,Asia Pacific,Tokyo,108,3.8
,443,443,TRUE,FRA,Europe,Frankfurt,200,3.8
,443,443,TRUE,FRA,Europe,Frankfurt,208,3.8
,443,443,TRUE,FRA,Europe,Frankfurt,190,3.78
,2053,2053,TRUE,HKG,Asia Pacific,Hong Kong,196,3.77
,8443,443,TRUE,FRA,Europe,Frankfurt,199,3.72
,8443,8443,TRUE,HKG,Asia Pacific,Hong Kong,284,3.72
,2095,2095,FALSE,HKG,Asia Pacific,Hong Kong,137,3.7
,2096,2096,TRUE,NRT,Asia Pacific,Tokyo,87,3.7
,2096,2096,TRUE,NRT,Asia Pacific,Tokyo,70,3.69
,2053,2053,TRUE,NRT,Asia Pacific,Tokyo,80,3.63
,80,80,FALSE,NRT,Asia Pacific,Tokyo,80,3.62
,2095,2095,FALSE,HKG,Asia Pacific,Hong Kong,126,3.6
,2083,2083,TRUE,NRT,Asia Pacific,Tokyo,71,3.58
,2053,2053,TRUE,HKG,Asia Pacific,Hong Kong,184,3.57
,2053,2053,TRUE,NRT,Asia Pacific,Tokyo,174,3.56
,2053,2053,TRUE,NRT,Asia Pacific,Tokyo,70,3.55
,2086,2086,FALSE,HKG,Asia Pacific,Hong Kong,130,3.55
,8443,8443,TRUE,NRT,Asia Pacific,Tokyo,83,3.55
,8443,8443,TRUE,NRT,Asia Pacific,Tokyo,107,3.54
,2096,2096,TRUE,NRT,Asia Pacific,Tokyo,76,3.53
,8080,8080,FALSE,NRT,Asia Pacific,Tokyo,79,3.52
,2096,2096,TRUE,HKG,Asia Pacific,Hong Kong,163,3.5
,2053,2053,TRUE,NRT,Asia Pacific,Tokyo,147,3.45
,2096,2096,TRUE,NRT,Asia Pacific,Tokyo,103,3.42
,8443,80,FALSE,KIX,Asia Pacific,Osaka,67,3.41
,2086,2086,FALSE,NRT,Asia Pacific,Tokyo,83,3.41
,8443,8443,TRUE,NRT,Asia Pacific,Tokyo,72,3.4
,2083,2083,TRUE,NRT,Asia Pacific,Tokyo,102,3.4
,443,443,TRUE,FRA,Europe,Frankfurt,234,3.38
,8880,8880,FALSE,NRT,Asia Pacific,Tokyo,88,3.36
,443,443,TRUE,FRA,Europe,Frankfurt,207,3.36
,2053,2053,TRUE,NRT,Asia Pacific,Tokyo,88,3.34
,443,443,TRUE,NRT,Asia Pacific,Tokyo,133,3.33
,2053,2053,TRUE,HKG,Asia Pacific,Hong Kong,195,3.32
,2053,2053,TRUE,NRT,Asia Pacific,Tokyo,81,3.31
,8880,8880,FALSE,HKG,Asia Pacific,Hong Kong,137,3.27
,80,80,FALSE,NRT,Asia Pacific,Tokyo,92,3.26
,2087,2087,TRUE,NRT,Asia Pacific,Tokyo,146,3.26
,2083,2083,TRUE,NRT,Asia Pacific,Tokyo,80,3.24
,2096,2096,TRUE,LAX,North America,Los Angeles,210,3.24
,2096,2096,TRUE,NRT,Asia Pacific,Tokyo,77,3.24
,2083,80,FALSE,NRT,Asia Pacific,Tokyo,107,3.24
,2053,2053,TRUE,NRT,Asia Pacific,Tokyo,158,3.23
,443,443,TRUE,AMS,Europe,Amsterdam,193,3.22
,2096,2096,TRUE,NRT,Asia Pacific,Tokyo,150,3.21
,443,443,TRUE,FRA,Europe,Frankfurt,200,3.19
,2053,2053,TRUE,NRT,Asia Pacific,Tokyo,120,3.17
,2053,2053,TRUE,NRT,Asia Pacific,Tokyo,136,3.17
,2083,2083,TRUE,HKG,Asia Pacific,Hong Kong,157,3.13
,8443,8443,TRUE,NRT,Asia Pacific,Tokyo,182,3.13
,443,443,TRUE,FRA,Europe,Frankfurt,183,3.11
,443,443,TRUE,FRA,Europe,Frankfurt,177,3.11
,2096,2096,TRUE,NRT,Asia Pacific,Tokyo,133,3.08
,2053,443,TRUE,FRA,Europe,Frankfurt,236,3.07
,2096,2096,TRUE,NRT,Asia Pacific,Tokyo,79,3.06
,2087,2087,TRUE,NRT,Asia Pacific,Tokyo,127,3.04
,2086,2086,FALSE,NRT,Asia Pacific,Tokyo,72,3.04
,2082,2082,FALSE,NRT,Asia Pacific,Tokyo,82,3.03
,8443,8443,TRUE,NRT,Asia Pacific,Tokyo,85,3.03
,2082,2082,FALSE,NRT,Asia Pacific,Tokyo,78,3.01
,443,443,TRUE,FRA,Europe,Frankfurt,159,2.98
,2087,2087,TRUE,NRT,Asia Pacific,Tokyo,83,2.93
,2096,80,FALSE,NRT,Asia Pacific,Tokyo,113,2.92
,8443,443,TRUE,FRA,Europe,Frankfurt,192,2.92
,2087,2087,TRUE,NRT,Asia Pacific,Tokyo,80,2.91
,2082,2082,FALSE,NRT,Asia Pacific,Tokyo,80,2.9
,2096,2096,TRUE,NRT,Asia Pacific,Tokyo,74,2.9
,2053,2053,TRUE,NRT,Asia Pacific,Tokyo,156,2.89
,8443,8443,TRUE,NRT,Asia Pacific,Tokyo,135,2.86
,2053,443,TRUE,FRA,Europe,Frankfurt,290,2.86
,2083,2083,TRUE,NRT,Asia Pacific,Tokyo,124,2.85
,443,443,TRUE,FRA,Europe,Frankfurt,296,2.83
,2095,2095,FALSE,NRT,Asia Pacific,Tokyo,81,2.8
,443,443,TRUE,KIX,Asia Pacific,Osaka,70,2.77
,443,443,TRUE,FRA,Europe,Frankfurt,200,2.76
,2087,2087,TRUE,NRT,Asia Pacific,Tokyo,74,2.75
,2053,443,TRUE,AMS,Europe,Amsterdam,177,2.74
,2087,2087,TRUE,NRT,Asia Pacific,Tokyo,84,2.71
,8443,8443,TRUE,NRT,Asia Pacific,Tokyo,78,2.7
,8443,443,TRUE,FRA,Europe,Frankfurt,177,2.7
,2087,2087,TRUE,NRT,Asia Pacific,Tokyo,91,2.7
,2052,2052,FALSE,NRT,Asia Pacific,Tokyo,77,2.69
,2095,2095,FALSE,NRT,Asia Pacific,Tokyo,84,2.67
,443,443,TRUE,FRA,Europe,Frankfurt,230,2.67
,2086,2086,FALSE,NRT,Asia Pacific,Tokyo,82,2.67
,80,80,FALSE,HKG,Asia Pacific,Hong Kong,152,2.66
,443,443,TRUE,NRT,Asia Pacific,Tokyo,87,2.65
,2053,443,TRUE,TLV,Middle East,Tel Aviv,189,2.64
,443,443,TRUE,FRA,Europe,Frankfurt,264,2.64
,2096,2096,TRUE,NRT,Asia Pacific,Tokyo,125,2.63
,2096,443,TRUE,ICN,Asia Pacific,Seoul,140,2.61
,2053,2053,TRUE,NRT,Asia Pacific,Tokyo,83,2.59
,2096,2096,TRUE,NRT,Asia Pacific,Tokyo,111,2.59
,2053,443,TRUE,FRA,Europe,Frankfurt,205,2.57
,8080,8080,FALSE,NRT,Asia Pacific,Tokyo,82,2.57
,443,443,TRUE,CDG,Europe,Paris,79,2.56
,2053,2053,TRUE,NRT,Asia Pacific,Tokyo,79,2.54
,443,443,TRUE,FRA,Europe,Frankfurt,192,2.52
,443,443,TRUE,FRA,Europe,Frankfurt,234,2.52
,443,443,TRUE,FRA,Europe,Frankfurt,212,2.51
,2083,80,FALSE,NRT,Asia Pacific,Tokyo,116,2.5
,443,443,TRUE,FRA,Europe,Frankfurt,276,2.49
,2083,2083,TRUE,NRT,Asia Pacific,Tokyo,81,2.48
,443,443,TRUE,CDG,Europe,Paris,173,2.47
,2083,2083,TRUE,NRT,Asia Pacific,Tokyo,82,2.46
,443,443,TRUE,FRA,Europe,Frankfurt,207,2.46
,2053,2053,TRUE,NRT,Asia Pacific,Tokyo,93,2.45
,8443,443,TRUE,FRA,Europe,Frankfurt,165,2.44
,8880,8880,FALSE,NRT,Asia Pacific,Tokyo,79,2.43
,443,443,TRUE,FRA,Europe,Frankfurt,240,2.42
,2053,2053,TRUE,NRT,Asia Pacific,Tokyo,96,2.35
,2087,2087,TRUE,NRT,Asia Pacific,Tokyo,146,2.3
,8880,8880,FALSE,NRT,Asia Pacific,Tokyo,81,2.28
,443,443,TRUE,FRA,Europe,Frankfurt,192,2.26
,8443,8443,TRUE,NRT,Asia Pacific,Tokyo,217,2.2
,8880,8880,FALSE,NRT,Asia Pacific,Tokyo,81,2.19
,2095,2095,FALSE,NRT,Asia Pacific,Tokyo,72,2.19
,8443,8443,TRUE,NRT,Asia Pacific,Tokyo,140,2.19
,8443,8443,TRUE,NRT,Asia Pacific,Tokyo,71,2.18
,443,443,TRUE,EWR,North America,Newark,169,2.18
,2087,2087,TRUE,NRT,Asia Pacific,Tokyo,147,2.18
,2052,2052,FALSE,NRT,Asia Pacific,Tokyo,83,2.16
,2086,2086,FALSE,NRT,Asia Pacific,Tokyo,76,2.16
,2096,80,FALSE,NRT,Asia Pacific,Tokyo,127,2.15
,2053,2053,TRUE,HKG,Asia Pacific,Hong Kong,192,2.14
,2052,2052,FALSE,NRT,Asia Pacific,Tokyo,85,2.14
,2096,2096,TRUE,NRT,Asia Pacific,Tokyo,132,2.1
,2096,2096,TRUE,NRT,Asia Pacific,Tokyo,77,2.09
,8443,443,TRUE,AMS,Europe,Amsterdam,183,2.08
,2083,2083,TRUE,NRT,Asia Pacific,Tokyo,74,2.06
,8443,443,TRUE,TLV,Middle East,Tel Aviv,207,2.05
,2096,2096,TRUE,NRT,Asia Pacific,Tokyo,90,2.02
,443,443,TRUE,YYZ,North America,Toronto,373,2
,2052,2052,FALSE,NRT,Asia Pacific,Tokyo,93,1.95
,8443,8443,TRUE,NRT,Asia Pacific,Tokyo,121,1.94
,2083,2083,TRUE,NRT,Asia Pacific,Tokyo,77,1.93
,8880,8880,FALSE,NRT,Asia Pacific,Tokyo,77,1.92
,2086,2086,FALSE,HKG,Asia Pacific,Hong Kong,147,1.92
,8443,8443,TRUE,NRT,Asia Pacific,Tokyo,87,1.92
,2053,2053,TRUE,NRT,Asia Pacific,Tokyo,113,1.91
,2087,2087,TRUE,NRT,Asia Pacific,Tokyo,130,1.9
,8080,8080,FALSE,NRT,Asia Pacific,Tokyo,85,1.87
,8880,8880,FALSE,NRT,Asia Pacific,Tokyo,75,1.86
,443,443,TRUE,AMS,Europe,Amsterdam,165,1.85
,2095,2095,FALSE,NRT,Asia Pacific,Tokyo,84,1.82
,2087,2087,TRUE,NRT,Asia Pacific,Tokyo,89,1.81
,443,443,TRUE,FRA,Europe,Frankfurt,196,1.8
,2053,2053,TRUE,NRT,Asia Pacific,Tokyo,121,1.8
,80,80,FALSE,NRT,Asia Pacific,Tokyo,79,1.78
,8880,8880,FALSE,NRT,Asia Pacific,Tokyo,70,1.78
,2053,2053,TRUE,NRT,Asia Pacific,Tokyo,83,1.76
,443,443,TRUE,FRA,Europe,Frankfurt,196,1.75
,8080,8080,FALSE,NRT,Asia Pacific,Tokyo,85,1.72
,2053,2053,TRUE,NRT,Asia Pacific,Tokyo,95,1.71
,2053,2053,TRUE,NRT,Asia Pacific,Tokyo,190,1.7
,2086,2086,FALSE,NRT,Asia Pacific,Tokyo,83,1.69
,443,443,TRUE,LHR,Europe,London,183,1.68
,8443,8443,TRUE,NRT,Asia Pacific,Tokyo,123,1.67
,2083,2083,TRUE,NRT,Asia Pacific,Tokyo,128,1.6
,2087,2087,TRUE,NRT,Asia Pacific,Tokyo,82,1.58
,2053,2053,TRUE,NRT,Asia Pacific,Tokyo,77,1.57
,443,443,TRUE,FRA,Europe,Frankfurt,184,1.55
,443,443,TRUE,FRA,Europe,Frankfurt,233,1.54
,2096,2096,TRUE,NRT,Asia Pacific,Tokyo,124,1.52
,2096,2096,TRUE,NRT,Asia Pacific,Tokyo,126,1.48
,2053,2053,TRUE,NRT,Asia Pacific,Tokyo,76,1.48
,8443,8443,TRUE,NRT,Asia Pacific,Tokyo,95,1.45
,2087,2087,TRUE,NRT,Asia Pacific,Tokyo,106,1.44
,8080,8080,FALSE,NRT,Asia Pacific,Tokyo,88,1.41
,2082,2082,FALSE,NRT,Asia Pacific,Tokyo,85,1.41
,2095,2095,FALSE,NRT,Asia Pacific,Tokyo,89,1.41
,443,443,TRUE,FRA,Europe,Frankfurt,223,1.41
,8443,8443,TRUE,NRT,Asia Pacific,Tokyo,78,1.39
,8880,8880,FALSE,NRT,Asia Pacific,Tokyo,78,1.37
,2096,2096,TRUE,NRT,Asia Pacific,Tokyo,183,1.35
,2082,2082,FALSE,NRT,Asia Pacific,Tokyo,81,1.34
,2083,2083,TRUE,HKG,Asia Pacific,Hong Kong,188,1.3
,2095,2095,FALSE,NRT,Asia Pacific,Tokyo,76,1.29
,8443,8443,TRUE,NRT,Asia Pacific,Tokyo,70,1.25
,443,443,TRUE,AMS,Europe,Amsterdam,245,1.22
,2053,2053,TRUE,NRT,Asia Pacific,Tokyo,88,1.21
,443,443,TRUE,FRA,Europe,Frankfurt,190,1.18
,2082,2082,FALSE,NRT,Asia Pacific,Tokyo,76,1.17
,2087,2087,TRUE,NRT,Asia Pacific,Tokyo,81,1.17
,2086,2086,FALSE,NRT,Asia Pacific,Tokyo,80,1.16
,2052,2052,FALSE,NRT,Asia Pacific,Tokyo,84,1.14
,443,443,TRUE,AMS,Europe,Amsterdam,164,1.14
,443,443,TRUE,FRA,Europe,Frankfurt,164,1.13
,2082,2082,FALSE,NRT,Asia Pacific,Tokyo,88,1.12
,8080,8080,FALSE,NRT,Asia Pacific,Tokyo,81,1.12
,2087,2087,TRUE,NRT,Asia Pacific,Tokyo,152,1.11
,80,80,FALSE,NRT,Asia Pacific,Tokyo,74,1.1
,2053,443,TRUE,FRA,Europe,Frankfurt,167,1.07
,2082,2082,FALSE,NRT,Asia Pacific,Tokyo,76,1.07
,2086,2086,FALSE,NRT,Asia Pacific,Tokyo,93,1.05
,2082,2082,FALSE,NRT,Asia Pacific,Tokyo,85,1.02
,2087,2087,TRUE,NRT,Asia Pacific,Tokyo,85,1.01
,8443,8443,TRUE,NRT,Asia Pacific,Tokyo,98,1
,2082,2082,FALSE,NRT,Asia Pacific,Tokyo,73,0.99
,8443,8443,TRUE,NRT,Asia Pacific,Tokyo,75,0.98
,2095,2095,FALSE,NRT,Asia Pacific,Tokyo,83,0.97
,2095,2095,FALSE,NRT,Asia Pacific,Tokyo,69,0.96
,2083,2083,TRUE,HKG,Asia Pacific,Hong Kong,241,0.95
,8880,8880,FALSE,NRT,Asia Pacific,Tokyo,102,0.93
,2096,2096,TRUE,NRT,Asia Pacific,Tokyo,139,0.93
,443,443,TRUE,FRA,Europe,Frankfurt,266,0.88
,2083,2083,TRUE,NRT,Asia Pacific,Tokyo,115,0.88
,8443,443,TRUE,FRA,Europe,Frankfurt,200,0.87
,443,443,TRUE,FRA,Europe,Frankfurt,212,0.86
,8443,8443,TRUE,NRT,Asia Pacific,Tokyo,162,0.85
,2096,2096,TRUE,NRT,Asia Pacific,Tokyo,78,0.84
,2087,2087,TRUE,NRT,Asia Pacific,Tokyo,105,0.82
,2082,2082,FALSE,NRT,Asia Pacific,Tokyo,95,0.82
,2082,2082,FALSE,NRT,Asia Pacific,Tokyo,92,0.77
,80,80,FALSE,NRT,Asia Pacific,Tokyo,82,0.77
,2087,2087,TRUE,NRT,Asia Pacific,Tokyo,94,0.76
,2053,2053,TRUE,NRT,Asia Pacific,Tokyo,84,0.75
,8443,443,TRUE,AMS,Europe,Amsterdam,173,0.74
,80,80,FALSE,NRT,Asia Pacific,Tokyo,96,0.73
,2086,2086,FALSE,NRT,Asia Pacific,Tokyo,86,0.72
,2082,2082,FALSE,NRT,Asia Pacific,Tokyo,69,0.72
,8080,8080,FALSE,NRT,Asia Pacific,Tokyo,81,0.7
,8080,8080,FALSE,HKG,Asia Pacific,Hong Kong,143,0.68
,80,80,FALSE,HKG,Asia Pacific,Hong Kong,138,0.67
,443,443,TRUE,FRA,Europe,Frankfurt,244,0.67
,8880,8880,FALSE,NRT,Asia Pacific,Tokyo,84,0.67
,2095,2095,FALSE,HKG,Asia Pacific,Hong Kong,128,0.66
,2087,2087,TRUE,NRT,Asia Pacific,Tokyo,93,0.65
,8080,8080,FALSE,NRT,Asia Pacific,Tokyo,85,0.59
,2083,2083,TRUE,NRT,Asia Pacific,Tokyo,89,0.59
,443,443,TRUE,SJC,North America,San Jose,392,0.58
,80,0,FALSE,SIN,Asia Pacific,Singapore,17,0.57
,2095,2095,FALSE,NRT,Asia Pacific,Tokyo,89,0.55
,2052,2052,FALSE,NRT,Asia Pacific,Tokyo,84,0.54
,2083,2083,TRUE,NRT,Asia Pacific,Tokyo,218,0.53
,443,443,TRUE,IAD,North America,Ashburn,271,0.53
,8443,8443,TRUE,NRT,Asia Pacific,Tokyo,148,0.52
,8880,8880,FALSE,NRT,Asia Pacific,Tokyo,69,0.46
,2053,443,TRUE,SJC,North America,San Jose,494,0.44
,8443,443,TRUE,SJC,North America,San Jose,377,0.42
,8443,8443,TRUE,NRT,Asia Pacific,Tokyo,155,0.41
,2053,2053,TRUE,NRT,Asia Pacific,Tokyo,203,0.37
,2095,2095,FALSE,HKG,Asia Pacific,Hong Kong,146,0.34
,443,443,TRUE,SJC,North America,San Jose,350,0.34
,2052,2052,FALSE,NRT,Asia Pacific,Tokyo,84,0.34
,443,443,TRUE,FRA,Europe,Frankfurt,278,0.3
,2082,0,FALSE,SIN,Asia Pacific,Singapore,31,0.28
,443,443,TRUE,SJC,North America,San Jose,434,0.27
,8880,0,FALSE,SIN,Asia Pacific,Singapore,26,0.27
,8080,0,FALSE,SIN,Asia Pacific,Singapore,33,0.25
,80,80,FALSE,NRT,Asia Pacific,Tokyo,88,0.24
,2086,0,FALSE,SIN,Asia Pacific,Singapore,35,0.24
,8443,8443,TRUE,YYZ,North America,Toronto,360,0.23
,2052,0,FALSE,SIN,Asia Pacific,Singapore,26,0.23
,8443,443,TRUE,FRA,Europe,Frankfurt,190,0.22
,2095,0,FALSE,SIN,Asia Pacific,Singapore,49,0.2
,8443,443,TRUE,FRA,Europe,Frankfurt,193,0.18
,443,443,TRUE,SJC,North America,San Jose,465,0.16
,443,443,TRUE,IAD,North America,Ashburn,249,0.16
,443,443,TRUE,AMS,Europe,Amsterdam,174,0.14
,8443,443,TRUE,IAD,North America,Ashburn,383,0.13
,2053,443,TRUE,FRA,Europe,Frankfurt,168,0.11
,80,0,FALSE,KIX,Asia Pacific,Osaka,70,0.1
,80,0,FALSE,AMS,Europe,Amsterdam,188,0.09
,80,0,FALSE,KIX,Asia Pacific,Osaka,75,0.09
,80,0,FALSE,AMS,Europe,Amsterdam,186,0.07
,80,0,FALSE,NRT,Asia Pacific,Tokyo,82,0.07
,80,0,FALSE,NRT,Asia Pacific,Tokyo,87,0.07
,80,0,FALSE,NRT,Asia Pacific,Tokyo,85,0.07
,80,0,FALSE,NRT,Asia Pacific,Tokyo,75,0.07
,80,0,FALSE,NRT,Asia Pacific,Tokyo,78,0.07
,80,0,FALSE,NRT,Asia Pacific,Tokyo,71,0.07
,80,0,FALSE,ICN,Asia Pacific,Seoul,110,0.07
,80,0,FALSE,NRT,Asia Pacific,Tokyo,83,0.06
,80,0,FALSE,NRT,Asia Pacific,Tokyo,79,0.06
,80,0,FALSE,NRT,Asia Pacific,Tokyo,95,0.06
,80,0,FALSE,NRT,Asia Pacific,Tokyo,74,0.06
,80,0,FALSE,FRA,Europe,Frankfurt,167,0.06
,2082,0,FALSE,NRT,Asia Pacific,Tokyo,74,0.06
,8443,443,TRUE,NRT,Asia Pacific,Tokyo,75,0.05
,2086,0,FALSE,NRT,Asia Pacific,Tokyo,80,0.05
,8080,0,FALSE,NRT,Asia Pacific,Tokyo,72,0.05
,2086,0,FALSE,NRT,Asia Pacific,Tokyo,82,0.05
,2052,0,FALSE,NRT,Asia Pacific,Tokyo,81,0.05
,8080,0,FALSE,NRT,Asia Pacific,Tokyo,84,0.05
,2052,0,FALSE,NRT,Asia Pacific,Tokyo,85,0.05
,8880,0,FALSE,NRT,Asia Pacific,Tokyo,70,0.05
,2082,0,FALSE,NRT,Asia Pacific,Tokyo,95,0.05
,2052,0,FALSE,NRT,Asia Pacific,Tokyo,75,0.05
,8080,0,FALSE,NRT,Asia Pacific,Tokyo,75,0.05
,2086,0,FALSE,NRT,Asia Pacific,Tokyo,88,0.05
,2082,0,FALSE,NRT,Asia Pacific,Tokyo,81,0.05
,2082,0,FALSE,NRT,Asia Pacific,Tokyo,78,0.05
,80,0,FALSE,CDG,Europe,Paris,167,0.05
,8880,0,FALSE,NRT,Asia Pacific,Tokyo,77,0.05
,8080,0,FALSE,NRT,Asia Pacific,Tokyo,74,0.05
,8080,0,FALSE,NRT,Asia Pacific,Tokyo,91,0.05
,2086,0,FALSE,NRT,Asia Pacific,Tokyo,77,0.05
,2052,0,FALSE,NRT,Asia Pacific,Tokyo,80,0.05
,2086,0,FALSE,NRT,Asia Pacific,Tokyo,82,0.05
,2086,0,FALSE,NRT,Asia Pacific,Tokyo,82,0.05
,2052,0,FALSE,NRT,Asia Pacific,Tokyo,71,0.05
,8880,0,FALSE,NRT,Asia Pacific,Tokyo,84,0.05
,2052,0,FALSE,NRT,Asia Pacific,Tokyo,82,0.05
,8880,0,FALSE,NRT,Asia Pacific,Tokyo,78,0.05
,8880,0,FALSE,NRT,Asia Pacific,Tokyo,89,0.05
,2082,0,FALSE,NRT,Asia Pacific,Tokyo,74,0.05
,2086,0,FALSE,NRT,Asia Pacific,Tokyo,88,0.05
,8080,0,FALSE,NRT,Asia Pacific,Tokyo,69,0.05
,2095,0,FALSE,NRT,Asia Pacific,Tokyo,73,0.05
,8080,0,FALSE,NRT,Asia Pacific,Tokyo,84,0.05
,8080,0,FALSE,NRT,Asia Pacific,Tokyo,84,0.05
,8880,0,FALSE,NRT,Asia Pacific,Tokyo,94,0.05
,8880,0,FALSE,NRT,Asia Pacific,Tokyo,91,0.05
,2082,0,FALSE,NRT,Asia Pacific,Tokyo,83,0.05
,8080,0,FALSE,NRT,Asia Pacific,Tokyo,72,0.05
,2095,0,FALSE,NRT,Asia Pacific,Tokyo,87,0.05
,2082,0,FALSE,NRT,Asia Pacific,Tokyo,78,0.05
,8880,0,FALSE,NRT,Asia Pacific,Tokyo,81,0.05
,2052,0,FALSE,NRT,Asia Pacific,Tokyo,89,0.05
,8080,0,FALSE,NRT,Asia Pacific,Tokyo,86,0.05
,2095,0,FALSE,NRT,Asia Pacific,Tokyo,82,0.05
,2052,0,FALSE,NRT,Asia Pacific,Tokyo,84,0.05
,8880,0,FALSE,NRT,Asia Pacific,Tokyo,76,0.05
,2095,0,FALSE,NRT,Asia Pacific,Tokyo,92,0.05
,8880,0,FALSE,NRT,Asia Pacific,Tokyo,74,0.04
,2052,0,FALSE,NRT,Asia Pacific,Tokyo,86,0.04
,2082,0,FALSE,NRT,Asia Pacific,Tokyo,94,0.04
,2082,0,FALSE,NRT,Asia Pacific,Tokyo,84,0.04
,2052,0,FALSE,NRT,Asia Pacific,Tokyo,86,0.04
,2095,0,FALSE,NRT,Asia Pacific,Tokyo,73,0.04
,8880,0,FALSE,NRT,Asia Pacific,Tokyo,95,0.04
,2095,0,FALSE,NRT,Asia Pacific,Tokyo,80,0.04
,80,0,FALSE,NRT,Asia Pacific,Tokyo,111,0.04
,8080,0,FALSE,NRT,Asia Pacific,Tokyo,77,0.04
,2082,0,FALSE,NRT,Asia Pacific,Tokyo,79,0.04
,8880,0,FALSE,NRT,Asia Pacific,Tokyo,85,0.04
,8080,0,FALSE,NRT,Asia Pacific,Tokyo,82,0.04
,2086,0,FALSE,NRT,Asia Pacific,Tokyo,76,0.04
,2095,0,FALSE,NRT,Asia Pacific,Tokyo,78,0.04
,2095,0,FALSE,NRT,Asia Pacific,Tokyo,93,0.04
,80,0,FALSE,YYZ,North America,Toronto,336,0.04
,2082,0,FALSE,NRT,Asia Pacific,Tokyo,87,0.04
,80,8080,FALSE,GRU,South America,SÃ£o Paulo,447,0.04
,8080,0,FALSE,NRT,Asia Pacific,Tokyo,85,0.04
,2052,0,FALSE,NRT,Asia Pacific,Tokyo,74,0.04
,2053,443,TRUE,NRT,Asia Pacific,Tokyo,71,0.04
,2086,0,FALSE,NRT,Asia Pacific,Tokyo,78,0.04
,80,0,FALSE,ICN,Asia Pacific,Seoul,68,0.04
,80,0,FALSE,NBO,Africa,Nairobi,116,0.04
,2082,0,FALSE,NRT,Asia Pacific,Tokyo,90,0.04
,2086,0,FALSE,NRT,Asia Pacific,Tokyo,81,0.04
,2086,0,FALSE,NRT,Asia Pacific,Tokyo,79,0.04
,2052,0,FALSE,NRT,Asia Pacific,Tokyo,69,0.04
,2095,0,FALSE,NRT,Asia Pacific,Tokyo,80,0.04
,2095,0,FALSE,NRT,Asia Pacific,Tokyo,70,0.04
,2095,0,FALSE,NRT,Asia Pacific,Tokyo,86,0.04
,80,0,FALSE,MAD,Europe,Madrid,167,0.03
,2096,0,TRUE,SIN,Asia Pacific,Singapore,74,0.03
,8443,0,TRUE,SIN,Asia Pacific,Singapore,60,0.03
,2053,0,TRUE,SIN,Asia Pacific,Singapore,59,0.03
,2087,0,TRUE,SIN,Asia Pacific,Singapore,50,0.03
,2083,0,TRUE,SIN,Asia Pacific,Singapore,61,0.03
,80,0,FALSE,AMS,Europe,Amsterdam,190,0.03
,2053,0,TRUE,NRT,Asia Pacific,Tokyo,115,0.03
,2083,0,TRUE,NRT,Asia Pacific,Tokyo,72,0.03
,80,0,FALSE,SJC,North America,San Jose,400,0.03
,2053,0,TRUE,NRT,Asia Pacific,Tokyo,77,0.02
,2087,0,TRUE,NRT,Asia Pacific,Tokyo,85,0.02
,2053,0,TRUE,NRT,Asia Pacific,Tokyo,79,0.02
,2083,0,TRUE,NRT,Asia Pacific,Tokyo,89,0.02
,2053,0,TRUE,NRT,Asia Pacific,Tokyo,155,0.02
,80,0,FALSE,LHR,Europe,London,182,0.02
,8443,0,TRUE,NRT,Asia Pacific,Tokyo,104,0.02
,2096,0,TRUE,NRT,Asia Pacific,Tokyo,90,0.02
,2083,0,TRUE,NRT,Asia Pacific,Tokyo,86,0.02
,2096,0,TRUE,NRT,Asia Pacific,Tokyo,73,0.02
,2096,0,TRUE,NRT,Asia Pacific,Tokyo,96,0.02
,8443,0,TRUE,NRT,Asia Pacific,Tokyo,90,0.02
,8443,0,TRUE,NRT,Asia Pacific,Tokyo,113,0.02
,2053,0,TRUE,NRT,Asia Pacific,Tokyo,113,0.02
,2087,0,TRUE,NRT,Asia Pacific,Tokyo,79,0.02
,80,0,FALSE,LAX,North America,Los Angeles,221,0.02
,2053,0,TRUE,NRT,Asia Pacific,Tokyo,93,0.02
,2087,0,TRUE,NRT,Asia Pacific,Tokyo,95,0.02
,2087,0,TRUE,NRT,Asia Pacific,Tokyo,121,0.02
,2083,0,TRUE,NRT,Asia Pacific,Tokyo,108,0.02
,2053,0,TRUE,NRT,Asia Pacific,Tokyo,90,0.02
,2096,0,TRUE,NRT,Asia Pacific,Tokyo,105,0.01
,2096,0,TRUE,NRT,Asia Pacific,Tokyo,71,0.01
,2096,0,TRUE,NRT,Asia Pacific,Tokyo,83,0.01
,8443,0,TRUE,NRT,Asia Pacific,Tokyo,85,0.01
,2083,0,TRUE,NRT,Asia Pacific,Tokyo,91,0.01
,80,0,FALSE,LAX,North America,Los Angeles,206,0.01
,2083,0,TRUE,NRT,Asia Pacific,Tokyo,126,0.01
,2096,0,TRUE,NRT,Asia Pacific,Tokyo,77,0.01
,2087,0,TRUE,NRT,Asia Pacific,Tokyo,101,0.01
,2083,0,TRUE,NRT,Asia Pacific,Tokyo,137,0.01
,443,443,TRUE,IAD,North America,Ashburn,252,0.01
,8443,0,TRUE,NRT,Asia Pacific,Tokyo,87,0.01
,2087,0,TRUE,NRT,Asia Pacific,Tokyo,159,0.01
,80,0,FALSE,SJC,North America,San Jose,561,0.01
,80,0,FALSE,OSL,Europe,Oslo,246,0.01
,2087,0,TRUE,NRT,Asia Pacific,Tokyo,107,0.01
,2087,0,TRUE,NRT,Asia Pacific,Tokyo,77,0.01
,2096,0,TRUE,NRT,Asia Pacific,Tokyo,84,0.01
,2096,0,TRUE,NRT,Asia Pacific,Tokyo,84,0.01
,2087,0,TRUE,NRT,Asia Pacific,Tokyo,110,0.01
,80,0,FALSE,LHR,Europe,London,183,0.01
,2053,0,TRUE,NRT,Asia Pacific,Tokyo,81,0.01
,8443,0,TRUE,NRT,Asia Pacific,Tokyo,103,0.01
,2083,0,TRUE,NRT,Asia Pacific,Tokyo,162,0.01
,8443,0,TRUE,NRT,Asia Pacific,Tokyo,105,0.01
,2083,0,TRUE,NRT,Asia Pacific,Tokyo,80,0.01
,8443,0,TRUE,NRT,Asia Pacific,Tokyo,80,0.01
,8443,0,TRUE,NRT,Asia Pacific,Tokyo,77,0.01
,2083,0,TRUE,NRT,Asia Pacific,Tokyo,95,0.01
,2053,0,TRUE,NRT,Asia Pacific,Tokyo,92,0.01
,2096,0,TRUE,NRT,Asia Pacific,Tokyo,111,0.01
,2087,0,TRUE,NRT,Asia Pacific,Tokyo,115,0.01
,2053,0,TRUE,NRT,Asia Pacific,Tokyo,99,0.01
,2053,0,TRUE,NRT,Asia Pacific,Tokyo,112,0.01
,2095,0,FALSE,AMS,Europe,Amsterdam,178,0.01
,2096,0,TRUE,NRT,Asia Pacific,Tokyo,113,0.01
,2095,0,FALSE,FRA,Europe,Frankfurt,179,0.01
,2095,0,FALSE,FRA,Europe,Frankfurt,174,0.01
,2096,0,TRUE,NRT,Asia Pacific,Tokyo,86,0.01
,2087,0,TRUE,NRT,Asia Pacific,Tokyo,92,0.01
,80,0,FALSE,NRT,Asia Pacific,Tokyo,80,0.01
,443,0,FALSE,HKG,Asia Pacific,Hong Kong,121,0.01
,8443,0,TRUE,NRT,Asia Pacific,Tokyo,96,0.01
,2083,0,TRUE,NRT,Asia Pacific,Tokyo,84,0.01
,80,0,FALSE,SJC,North America,San Jose,525,0.01
,80,0,FALSE,LHR,Europe,London,203,0.01
,80,0,FALSE,SIN,Asia Pacific,Singapore,10,0.01
,80,0,FALSE,SIN,Asia Pacific,Singapore,28,0.01
,80,0,FALSE,NRT,Asia Pacific,Tokyo,68,0
,80,0,FALSE,ICN,Asia Pacific,Seoul,67,0
,80,0,FALSE,ICN,Asia Pacific,Seoul,99,0
,80,0,FALSE,LHR,Europe,London,179,0
,80,0,FALSE,AMS,Europe,Amsterdam,175,0
,80,0,FALSE,NRT,Asia Pacific,Tokyo,65,0
,80,0,FALSE,NBO,Africa,Nairobi,119,0
,80,0,FALSE,ICN,Asia Pacific,Seoul,102,0
,80,0,FALSE,NRT,Asia Pacific,Tokyo,80,0
,8080,0,FALSE,NRT,Asia Pacific,Tokyo,112,0
,80,0,FALSE,SJC,North America,San Jose,458,0
,8080,0,FALSE,ICN,Asia Pacific,Seoul,93,0
,8080,0,FALSE,ICN,Asia Pacific,Seoul,110,0
,80,0,FALSE,CDG,Europe,Paris,235,0
,80,0,FALSE,FRA,Europe,Frankfurt,204,0
,80,0,FALSE,SJC,North America,San Jose,515,0
,80,0,FALSE,SJC,North America,San Jose,553,0
,80,0,FALSE,SYD,Oceania,Sydney,92,0
,80,0,FALSE,YYZ,North America,Toronto,304,0
,80,0,FALSE,IAD,North America,Ashburn,358,0
,80,0,FALSE,GRU,South America,SÃ£o Paulo,475,0
,80,0,FALSE,YUL,North America,MontrÃ©al,172,0
,80,0,FALSE,NRT,Asia Pacific,Tokyo,142,0
,80,0,FALSE,AMS,Europe,Amsterdam,174,0
,80,0,FALSE,ICN,Asia Pacific,Seoul,112,0
,80,0,FALSE,KIX,Asia Pacific,Osaka,74,0
,80,0,FALSE,LHR,Europe,London,197,0
,443,0,TRUE,FRA,Europe,Frankfurt,242,0
,443,443,TRUE,HKG,Asia Pacific,Hong Kong,1,0
,2086,2086,FALSE,SIN,Asia Pacific,Singapore,2,0
,2087,0,TRUE,SIN,Asia Pacific,Singapore,2,0
,2083,0,TRUE,SIN,Asia Pacific,Singapore,3,0
,2053,0,TRUE,SIN,Asia Pacific,Singapore,3,0
,8080,8080,FALSE,SIN,Asia Pacific,Singapore,7,0
,80,0,FALSE,SIN,Asia Pacific,Singapore,11,0
,80,0,FALSE,SIN,Asia Pacific,Singapore,24,0
,443,443,TRUE,SIN,Asia Pacific,Singapore,24,0
,2095,0,FALSE,SIN,Asia Pacific,Singapore,33,0
,2095,0,FALSE,SIN,Asia Pacific,Singapore,42,0
,2083,2083,TRUE,SIN,Asia Pacific,Singapore,45,0
,8443,8443,TRUE,SIN,Asia Pacific,Singapore,59,0
,443,443,TRUE,KIX,Asia Pacific,Osaka,67,0
,80,0,FALSE,ICN,Asia Pacific,Seoul,68,0
,2087,0,TRUE,NRT,Asia Pacific,Tokyo,68,0
,80,0,FALSE,NRT,Asia Pacific,Tokyo,69,0
,8080,8080,FALSE,NRT,Asia Pacific,Tokyo,69,0
,2052,2052,FALSE,NRT,Asia Pacific,Tokyo,69,0
,2095,2095,FALSE,NRT,Asia Pacific,Tokyo,69,0
,2082,2082,FALSE,NRT,Asia Pacific,Tokyo,69,0
,2095,2095,FALSE,NRT,Asia Pacific,Tokyo,69,0
,2082,2082,FALSE,NRT,Asia Pacific,Tokyo,69,0
,8080,0,FALSE,NRT,Asia Pacific,Tokyo,69,0
,2083,0,TRUE,NRT,Asia Pacific,Tokyo,69,0
,8080,8080,FALSE,NRT,Asia Pacific,Tokyo,70,0
,8080,8080,FALSE,NRT,Asia Pacific,Tokyo,70,0
,2095,2095,FALSE,NRT,Asia Pacific,Tokyo,70,0
,2095,2095,FALSE,NRT,Asia Pacific,Tokyo,70,0
,2082,2082,FALSE,NRT,Asia Pacific,Tokyo,70,0
,8080,8080,FALSE,NRT,Asia Pacific,Tokyo,70,0
,2053,2053,TRUE,NRT,Asia Pacific,Tokyo,70,0
,80,0,FALSE,NRT,Asia Pacific,Tokyo,71,0
,80,80,FALSE,NRT,Asia Pacific,Tokyo,71,0
,2083,0,TRUE,NRT,Asia Pacific,Tokyo,71,0
,8080,8080,FALSE,NRT,Asia Pacific,Tokyo,71,0
,2087,0,TRUE,NRT,Asia Pacific,Tokyo,71,0
,2095,2095,FALSE,NRT,Asia Pacific,Tokyo,71,0
,2086,2086,FALSE,NRT,Asia Pacific,Tokyo,71,0
,80,0,FALSE,KIX,Asia Pacific,Osaka,71,0
,8880,8880,FALSE,NRT,Asia Pacific,Tokyo,71,0
,2082,0,FALSE,NRT,Asia Pacific,Tokyo,71,0
,2096,2096,TRUE,NRT,Asia Pacific,Tokyo,71,0
,2083,0,TRUE,NRT,Asia Pacific,Tokyo,71,0
,2095,0,FALSE,NRT,Asia Pacific,Tokyo,71,0
,2086,2086,FALSE,NRT,Asia Pacific,Tokyo,71,0
,2053,0,TRUE,NRT,Asia Pacific,Tokyo,71,0
,2082,2082,FALSE,NRT,Asia Pacific,Tokyo,71,0
,8080,8080,FALSE,NRT,Asia Pacific,Tokyo,71,0
,2096,0,TRUE,NRT,Asia Pacific,Tokyo,72,0
,2095,0,FALSE,NRT,Asia Pacific,Tokyo,72,0
,2095,0,FALSE,NRT,Asia Pacific,Tokyo,72,0
,2052,2052,FALSE,NRT,Asia Pacific,Tokyo,72,0
,8443,8443,TRUE,NRT,Asia Pacific,Tokyo,73,0
,2086,2086,FALSE,NRT,Asia Pacific,Tokyo,73,0
,2052,2052,FALSE,NRT,Asia Pacific,Tokyo,73,0
,8443,0,TRUE,NRT,Asia Pacific,Tokyo,73,0
,2052,2052,FALSE,NRT,Asia Pacific,Tokyo,73,0
,8443,8443,TRUE,NRT,Asia Pacific,Tokyo,73,0
,8880,8880,FALSE,NRT,Asia Pacific,Tokyo,74,0
,443,443,TRUE,HKG,Asia Pacific,Hong Kong,74,0
,80,0,FALSE,NRT,Asia Pacific,Tokyo,74,0
,2082,2082,FALSE,NRT,Asia Pacific,Tokyo,74,0
,2086,0,FALSE,NRT,Asia Pacific,Tokyo,74,0
,2086,2086,FALSE,NRT,Asia Pacific,Tokyo,74,0
,443,443,TRUE,KIX,Asia Pacific,Osaka,75,0
,2082,2082,FALSE,NRT,Asia Pacific,Tokyo,75,0
,2052,0,FALSE,NRT,Asia Pacific,Tokyo,75,0
,8080,8080,FALSE,NRT,Asia Pacific,Tokyo,75,0
,80,80,FALSE,NRT,Asia Pacific,Tokyo,75,0
,2086,0,FALSE,NRT,Asia Pacific,Tokyo,75,0
,2086,2086,FALSE,NRT,Asia Pacific,Tokyo,75,0
,8443,0,TRUE,NRT,Asia Pacific,Tokyo,75,0
,2095,0,FALSE,NRT,Asia Pacific,Tokyo,75,0
,2053,2053,TRUE,NRT,Asia Pacific,Tokyo,75,0
,80,80,FALSE,NRT,Asia Pacific,Tokyo,75,0
,2086,2086,FALSE,NRT,Asia Pacific,Tokyo,76,0
,443,0,TRUE,SIN,Asia Pacific,Singapore,76,0
,2086,2086,FALSE,NRT,Asia Pacific,Tokyo,76,0
,80,80,FALSE,NRT,Asia Pacific,Tokyo,76,0
,8443,0,TRUE,NRT,Asia Pacific,Tokyo,76,0
,2052,0,FALSE,NRT,Asia Pacific,Tokyo,76,0
,80,80,FALSE,NRT,Asia Pacific,Tokyo,76,0
,2052,2052,FALSE,NRT,Asia Pacific,Tokyo,76,0
,2053,0,TRUE,NRT,Asia Pacific,Tokyo,76,0
,8880,8880,FALSE,NRT,Asia Pacific,Tokyo,76,0
,8880,8880,FALSE,NRT,Asia Pacific,Tokyo,76,0
,2052,2052,FALSE,NRT,Asia Pacific,Tokyo,76,0
,2052,0,FALSE,NRT,Asia Pacific,Tokyo,76,0
,2096,2096,TRUE,NRT,Asia Pacific,Tokyo,76,0
,2095,2095,FALSE,NRT,Asia Pacific,Tokyo,76,0
,8880,0,FALSE,NRT,Asia Pacific,Tokyo,77,0
,2086,0,FALSE,NRT,Asia Pacific,Tokyo,77,0
,2086,0,FALSE,NRT,Asia Pacific,Tokyo,77,0
,8080,0,FALSE,NRT,Asia Pacific,Tokyo,77,0
,8080,8080,FALSE,NRT,Asia Pacific,Tokyo,77,0
,2086,0,FALSE,NRT,Asia Pacific,Tokyo,77,0
,2086,2086,FALSE,NRT,Asia Pacific,Tokyo,77,0
,2096,0,TRUE,NRT,Asia Pacific,Tokyo,77,0
,80,0,FALSE,NRT,Asia Pacific,Tokyo,78,0
,2083,0,TRUE,NRT,Asia Pacific,Tokyo,78,0
,2052,0,FALSE,NRT,Asia Pacific,Tokyo,78,0
,2053,2053,TRUE,NRT,Asia Pacific,Tokyo,78,0
,8443,0,TRUE,NRT,Asia Pacific,Tokyo,78,0
,80,0,FALSE,NRT,Asia Pacific,Tokyo,78,0
,2052,2052,FALSE,NRT,Asia Pacific,Tokyo,78,0
,8443,8443,TRUE,NRT,Asia Pacific,Tokyo,78,0
,2082,0,FALSE,NRT,Asia Pacific,Tokyo,78,0
,80,80,FALSE,NRT,Asia Pacific,Tokyo,78,0
,2052,0,FALSE,NRT,Asia Pacific,Tokyo,78,0
,80,0,FALSE,NRT,Asia Pacific,Tokyo,79,0
,80,80,FALSE,NRT,Asia Pacific,Tokyo,79,0
,2096,2096,TRUE,NRT,Asia Pacific,Tokyo,79,0
,2086,2086,FALSE,NRT,Asia Pacific,Tokyo,79,0
,8080,8080,FALSE,NRT,Asia Pacific,Tokyo,79,0
,80,80,FALSE,NRT,Asia Pacific,Tokyo,79,0
,2086,0,FALSE,NRT,Asia Pacific,Tokyo,79,0
,2053,2053,TRUE,NRT,Asia Pacific,Tokyo,79,0
,80,0,FALSE,NRT,Asia Pacific,Tokyo,79,0
,8080,0,FALSE,NRT,Asia Pacific,Tokyo,79,0
,80,0,FALSE,NRT,Asia Pacific,Tokyo,80,0
,8080,8080,FALSE,NRT,Asia Pacific,Tokyo,80,0
,2082,0,FALSE,NRT,Asia Pacific,Tokyo,80,0
,2095,0,FALSE,NRT,Asia Pacific,Tokyo,80,0
,8880,0,FALSE,NRT,Asia Pacific,Tokyo,80,0
,80,80,FALSE,NRT,Asia Pacific,Tokyo,80,0
,2095,0,FALSE,NRT,Asia Pacific,Tokyo,80,0
,2095,2095,FALSE,NRT,Asia Pacific,Tokyo,80,0
,2082,2082,FALSE,NRT,Asia Pacific,Tokyo,80,0
,8880,8880,FALSE,NRT,Asia Pacific,Tokyo,80,0
,8443,8443,TRUE,NRT,Asia Pacific,Tokyo,80,0
,8080,8080,FALSE,NRT,Asia Pacific,Tokyo,81,0
,2095,2095,FALSE,NRT,Asia Pacific,Tokyo,81,0
,2083,0,TRUE,NRT,Asia Pacific,Tokyo,81,0
,80,0,FALSE,NRT,Asia Pacific,Tokyo,81,0
,2053,2053,TRUE,NRT,Asia Pacific,Tokyo,81,0
,2082,0,FALSE,NRT,Asia Pacific,Tokyo,81,0
,2096,0,TRUE,NRT,Asia Pacific,Tokyo,81,0
,2087,0,TRUE,NRT,Asia Pacific,Tokyo,81,0
,2082,0,FALSE,NRT,Asia Pacific,Tokyo,81,0
,2082,2082,FALSE,NRT,Asia Pacific,Tokyo,81,0
,8880,8880,FALSE,NRT,Asia Pacific,Tokyo,82,0
,2095,2095,FALSE,NRT,Asia Pacific,Tokyo,82,0
,80,0,FALSE,NRT,Asia Pacific,Tokyo,82,0
,8080,8080,FALSE,NRT,Asia Pacific,Tokyo,82,0
,2087,0,TRUE,NRT,Asia Pacific,Tokyo,82,0
,2052,2052,FALSE,NRT,Asia Pacific,Tokyo,82,0
,8880,8880,FALSE,NRT,Asia Pacific,Tokyo,82,0
,2095,0,FALSE,NRT,Asia Pacific,Tokyo,82,0
,8880,8880,FALSE,NRT,Asia Pacific,Tokyo,82,0
,2082,0,FALSE,NRT,Asia Pacific,Tokyo,82,0
,2095,2095,FALSE,NRT,Asia Pacific,Tokyo,82,0
,2086,2086,FALSE,NRT,Asia Pacific,Tokyo,82,0
,2082,2082,FALSE,NRT,Asia Pacific,Tokyo,82,0
,2095,2095,FALSE,NRT,Asia Pacific,Tokyo,82,0
,8080,0,FALSE,MEL,Oceania,Melbourne,82,0
,2095,2095,FALSE,NRT,Asia Pacific,Tokyo,82,0
,8080,0,FALSE,NRT,Asia Pacific,Tokyo,82,0
,2053,2053,TRUE,NRT,Asia Pacific,Tokyo,83,0
,2096,0,TRUE,NRT,Asia Pacific,Tokyo,83,0
,443,0,TRUE,MEL,Oceania,Melbourne,83,0
,2095,0,FALSE,NRT,Asia Pacific,Tokyo,83,0
,2052,2052,FALSE,NRT,Asia Pacific,Tokyo,83,0
,2083,2083,TRUE,NRT,Asia Pacific,Tokyo,83,0
,2053,0,TRUE,NRT,Asia Pacific,Tokyo,83,0
,2083,0,TRUE,NRT,Asia Pacific,Tokyo,83,0
,2086,2086,FALSE,NRT,Asia Pacific,Tokyo,83,0
,2082,0,FALSE,NRT,Asia Pacific,Tokyo,83,0
,2096,2096,TRUE,NRT,Asia Pacific,Tokyo,83,0
,2082,2082,FALSE,NRT,Asia Pacific,Tokyo,83,0
,80,0,FALSE,NRT,Asia Pacific,Tokyo,83,0
,2052,2052,FALSE,NRT,Asia Pacific,Tokyo,83,0
,80,80,FALSE,NRT,Asia Pacific,Tokyo,83,0
,2052,0,FALSE,NRT,Asia Pacific,Tokyo,84,0
,80,80,FALSE,NRT,Asia Pacific,Tokyo,84,0
,2095,0,FALSE,NRT,Asia Pacific,Tokyo,84,0
,2052,2052,FALSE,NRT,Asia Pacific,Tokyo,84,0
,2083,0,TRUE,NRT,Asia Pacific,Tokyo,84,0
,2095,2095,FALSE,NRT,Asia Pacific,Tokyo,84,0
,2086,0,FALSE,NRT,Asia Pacific,Tokyo,84,0
,2095,0,FALSE,NRT,Asia Pacific,Tokyo,84,0
,2082,2082,FALSE,NRT,Asia Pacific,Tokyo,84,0
,80,0,FALSE,NRT,Asia Pacific,Tokyo,84,0
,80,0,FALSE,NRT,Asia Pacific,Tokyo,84,0
,8880,8880,FALSE,NRT,Asia Pacific,Tokyo,85,0
,2086,2086,FALSE,NRT,Asia Pacific,Tokyo,85,0
,2082,2082,FALSE,NRT,Asia Pacific,Tokyo,85,0
,2095,0,FALSE,NRT,Asia Pacific,Tokyo,85,0
,8080,8080,FALSE,NRT,Asia Pacific,Tokyo,85,0
,2086,0,FALSE,NRT,Asia Pacific,Tokyo,85,0
,8880,8880,FALSE,NRT,Asia Pacific,Tokyo,86,0
,8880,0,FALSE,NRT,Asia Pacific,Tokyo,86,0
,80,80,FALSE,NRT,Asia Pacific,Tokyo,86,0
,8880,8880,FALSE,NRT,Asia Pacific,Tokyo,86,0
,80,80,FALSE,NRT,Asia Pacific,Tokyo,86,0
,8880,8880,FALSE,NRT,Asia Pacific,Tokyo,86,0
,8443,0,TRUE,NRT,Asia Pacific,Tokyo,86,0
,8080,0,FALSE,NRT,Asia Pacific,Tokyo,86,0
,2052,2052,FALSE,NRT,Asia Pacific,Tokyo,86,0
,80,0,FALSE,NRT,Asia Pacific,Tokyo,87,0
,8880,8880,FALSE,NRT,Asia Pacific,Tokyo,87,0
,2086,0,FALSE,NRT,Asia Pacific,Tokyo,87,0
,8443,8443,TRUE,NRT,Asia Pacific,Tokyo,87,0
,8880,8880,FALSE,NRT,Asia Pacific,Tokyo,87,0
,8880,8880,FALSE,NRT,Asia Pacific,Tokyo,88,0
,2082,0,FALSE,NRT,Asia Pacific,Tokyo,88,0
,8443,8443,TRUE,NRT,Asia Pacific,Tokyo,88,0
,2086,2086,FALSE,NRT,Asia Pacific,Tokyo,88,0
,8080,0,FALSE,NRT,Asia Pacific,Tokyo,88,0
,2087,0,TRUE,NRT,Asia Pacific,Tokyo,88,0
,8443,8443,TRUE,NRT,Asia Pacific,Tokyo,88,0
,8443,8443,TRUE,NRT,Asia Pacific,Tokyo,89,0
,2086,2086,FALSE,NRT,Asia Pacific,Tokyo,89,0
,2052,2052,FALSE,NRT,Asia Pacific,Tokyo,89,0
,2053,0,TRUE,NRT,Asia Pacific,Tokyo,89,0
,2052,2052,FALSE,NRT,Asia Pacific,Tokyo,89,0
,80,80,FALSE,NRT,Asia Pacific,Tokyo,89,0
,2053,2053,TRUE,NRT,Asia Pacific,Tokyo,89,0
,8080,0,FALSE,NRT,Asia Pacific,Tokyo,90,0
,2096,0,TRUE,NRT,Asia Pacific,Tokyo,90,0
,443,443,TRUE,HKG,Asia Pacific,Hong Kong,90,0
,8880,8880,FALSE,NRT,Asia Pacific,Tokyo,90,0
,2096,2096,TRUE,NRT,Asia Pacific,Tokyo,90,0
,2095,0,FALSE,NRT,Asia Pacific,Tokyo,90,0
,2095,0,FALSE,NRT,Asia Pacific,Tokyo,90,0
,2095,2095,FALSE,NRT,Asia Pacific,Tokyo,90,0
,2052,2052,FALSE,NRT,Asia Pacific,Tokyo,90,0
,80,0,FALSE,NRT,Asia Pacific,Tokyo,91,0
,8080,0,FALSE,NRT,Asia Pacific,Tokyo,91,0
,2052,0,FALSE,NRT,Asia Pacific,Tokyo,91,0
,2087,2087,TRUE,NRT,Asia Pacific,Tokyo,91,0
,8080,8080,FALSE,NRT,Asia Pacific,Tokyo,91,0
,8443,8443,TRUE,NRT,Asia Pacific,Tokyo,92,0
,8080,8080,FALSE,NRT,Asia Pacific,Tokyo,92,0
,2082,0,FALSE,NRT,Asia Pacific,Tokyo,92,0
,2052,0,FALSE,NRT,Asia Pacific,Tokyo,92,0
,80,0,FALSE,ICN,Asia Pacific,Seoul,92,0
,2095,2095,FALSE,NRT,Asia Pacific,Tokyo,92,0
,2053,2053,TRUE,NRT,Asia Pacific,Tokyo,92,0
,2095,0,FALSE,NRT,Asia Pacific,Tokyo,92,0
,2086,0,FALSE,NRT,Asia Pacific,Tokyo,92,0
,2087,0,TRUE,NRT,Asia Pacific,Tokyo,92,0
,2095,2095,FALSE,NRT,Asia Pacific,Tokyo,92,0
,443,0,TRUE,NRT,Asia Pacific,Tokyo,92,0
,8080,8080,FALSE,NRT,Asia Pacific,Tokyo,93,0
,2086,2086,FALSE,NRT,Asia Pacific,Tokyo,93,0
,2096,2096,TRUE,NRT,Asia Pacific,Tokyo,93,0
,2082,2082,FALSE,NRT,Asia Pacific,Tokyo,93,0
,2087,2087,TRUE,NRT,Asia Pacific,Tokyo,93,0
,2082,2082,FALSE,NRT,Asia Pacific,Tokyo,93,0
,2053,2053,TRUE,NRT,Asia Pacific,Tokyo,93,0
,443,0,TRUE,NRT,Asia Pacific,Tokyo,94,0
,2052,2052,FALSE,NRT,Asia Pacific,Tokyo,94,0
,8443,8443,TRUE,NRT,Asia Pacific,Tokyo,94,0
,80,0,FALSE,NRT,Asia Pacific,Tokyo,94,0
,2086,2086,FALSE,NRT,Asia Pacific,Tokyo,95,0
,8880,8880,FALSE,NRT,Asia Pacific,Tokyo,95,0
,2083,2083,TRUE,NRT,Asia Pacific,Tokyo,95,0
,2052,2052,FALSE,NRT,Asia Pacific,Tokyo,96,0
,2096,2096,TRUE,NRT,Asia Pacific,Tokyo,96,0
,80,0,FALSE,NRT,Asia Pacific,Tokyo,96,0
,2052,0,FALSE,NRT,Asia Pacific,Tokyo,96,0
,8080,0,FALSE,NRT,Asia Pacific,Tokyo,96,0
,8880,8880,FALSE,NRT,Asia Pacific,Tokyo,96,0
,8880,8880,FALSE,NRT,Asia Pacific,Tokyo,96,0
,2083,2083,TRUE,NRT,Asia Pacific,Tokyo,97,0
,80,80,FALSE,NRT,Asia Pacific,Tokyo,98,0
,2096,2096,TRUE,NRT,Asia Pacific,Tokyo,98,0
,2087,0,TRUE,NRT,Asia Pacific,Tokyo,99,0
,2052,0,TRUE,NRT,Asia Pacific,Tokyo,100,0
,2052,2052,FALSE,NRT,Asia Pacific,Tokyo,100,0
,2053,2053,TRUE,NRT,Asia Pacific,Tokyo,100,0
,8080,8080,FALSE,NRT,Asia Pacific,Tokyo,100,0
,2096,0,TRUE,NRT,Asia Pacific,Tokyo,101,0
,8443,8443,TRUE,NRT,Asia Pacific,Tokyo,101,0
,2096,2096,TRUE,NRT,Asia Pacific,Tokyo,102,0
,2096,2096,TRUE,NRT,Asia Pacific,Tokyo,102,0
,8443,8443,TRUE,NRT,Asia Pacific,Tokyo,102,0
,443,0,TRUE,ICN,Asia Pacific,Seoul,102,0
,80,0,FALSE,ICN,Asia Pacific,Seoul,103,0
,8880,8880,FALSE,NRT,Asia Pacific,Tokyo,103,0
,2087,2096,TRUE,ICN,Asia Pacific,Seoul,103,0
,8880,8880,FALSE,NRT,Asia Pacific,Tokyo,104,0
,2083,2083,TRUE,NRT,Asia Pacific,Tokyo,104,0
,2053,2053,TRUE,NRT,Asia Pacific,Tokyo,105,0
,2086,2086,FALSE,NRT,Asia Pacific,Tokyo,106,0
,2096,2096,TRUE,NRT,Asia Pacific,Tokyo,107,0
,8443,8443,TRUE,NRT,Asia Pacific,Tokyo,107,0
,2087,2087,TRUE,NRT,Asia Pacific,Tokyo,108,0
,2053,443,TRUE,ICN,Asia Pacific,Seoul,109,0
,80,0,FALSE,NRT,Asia Pacific,Tokyo,110,0
,2096,2096,TRUE,NRT,Asia Pacific,Tokyo,110,0
,80,80,FALSE,NRT,Asia Pacific,Tokyo,111,0
,8080,0,FALSE,ICN,Asia Pacific,Seoul,111,0
,2053,2053,TRUE,NRT,Asia Pacific,Tokyo,112,0
,8443,8443,TRUE,NRT,Asia Pacific,Tokyo,117,0
,2096,2096,TRUE,NRT,Asia Pacific,Tokyo,119,0
,2053,2053,TRUE,NRT,Asia Pacific,Tokyo,122,0
,2052,0,FALSE,HKG,Asia Pacific,Hong Kong,126,0
,2096,2096,TRUE,NRT,Asia Pacific,Tokyo,131,0
,2087,2087,TRUE,NRT,Asia Pacific,Tokyo,133,0
,2096,2096,TRUE,NRT,Asia Pacific,Tokyo,135,0
,8443,8443,TRUE,NRT,Asia Pacific,Tokyo,137,0
,443,443,TRUE,ICN,Asia Pacific,Seoul,139,0
,2083,2083,TRUE,NRT,Asia Pacific,Tokyo,140,0
,2087,2087,TRUE,NRT,Asia Pacific,Tokyo,140,0
,2053,2053,TRUE,NRT,Asia Pacific,Tokyo,141,0
,8443,0,TRUE,HKG,Asia Pacific,Hong Kong,141,0
,2095,0,FALSE,HKG,Asia Pacific,Hong Kong,146,0
,2083,2083,TRUE,NRT,Asia Pacific,Tokyo,151,0
,2053,2053,TRUE,NRT,Asia Pacific,Tokyo,164,0
,443,443,TRUE,FRA,Europe,Frankfurt,174,0
,443,443,TRUE,FRA,Europe,Frankfurt,183,0
,80,0,FALSE,LHR,Europe,London,186,0
,8443,8443,TRUE,LAX,North America,Los Angeles,188,0
,443,0,TRUE,LAX,North America,Los Angeles,190,0
,443,443,TRUE,LAX,North America,Los Angeles,192,0
,443,443,TRUE,FRA,Europe,Frankfurt,192,0
,443,443,TRUE,FRA,Europe,Frankfurt,193,0
,443,443,TRUE,AMS,Europe,Amsterdam,195,0
,443,443,TRUE,LAX,North America,Los Angeles,196,0
,2053,2053,TRUE,NRT,Asia Pacific,Tokyo,207,0
,443,443,TRUE,FRA,Europe,Frankfurt,208,0
,443,443,TRUE,LAX,North America,Los Angeles,217,0
,443,0,TRUE,FRA,Europe,Frankfurt,218,0
,443,443,TRUE,FRA,Europe,Frankfurt,218,0
,2053,443,TRUE,FRA,Europe,Frankfurt,229,0
,443,443,TRUE,FRA,Europe,Frankfurt,230,0
,443,0,TRUE,FRA,Europe,Frankfurt,233,0
,443,443,TRUE,FRA,Europe,Frankfurt,237,0
,443,0,TRUE,FRA,Europe,Frankfurt,245,0
,443,443,TRUE,FRA,Europe,Frankfurt,266,0
,2096,443,TRUE,YYZ,North America,Toronto,324,0
,443,0,TRUE,YYZ,North America,Toronto,327,0
,443,0,TRUE,ORD,North America,Chicago,332,0
,2086,443,TRUE,ORD,North America,Chicago,335,0
,443,443,TRUE,IAD,North America,Ashburn,347,0
,443,443,TRUE,YYZ,North America,Toronto,389,0
,8080,443,TRUE,YYZ,North America,Toronto,403,0
,8443,0,TRUE,SJC,North America,San Jose,449,0