IP地址,端口,TLS,数据中心,地区,城市,网络延迟,下载速度
132.145.121.34,8880,false,NRT,Asia Pacific,Tokyo,407 ms,3451 kB/s
141.147.168.159,8880,false,NRT,Asia Pacific,Tokyo,461 ms,3123 kB/s
138.3.212.162,8880,false,NRT,Asia Pacific,Tokyo,388 ms,3022 kB/s
155.248.168.251,8880,false,NRT,Asia Pacific,Tokyo,448 ms,2973 kB/s
140.238.32.112,8880,false,NRT,Asia Pacific,Tokyo,410 ms,2953 kB/s
141.147.178.202,8880,false,NRT,Asia Pacific,Tokyo,391 ms,2849 kB/s
140.83.34.230,8880,false,NRT,Asia Pacific,Tokyo,397 ms,2842 kB/s
140.83.35.10,8880,false,NRT,Asia Pacific,Tokyo,391 ms,2828 kB/s
140.238.54.182,8880,false,NRT,Asia Pacific,Tokyo,399 ms,2732 kB/s
138.3.222.204,8880,false,NRT,Asia Pacific,Tokyo,399 ms,2709 kB/s
138.3.212.144,8880,false,NRT,Asia Pacific,Tokyo,397 ms,2660 kB/s
155.248.182.244,8880,false,NRT,Asia Pacific,Tokyo,448 ms,2624 kB/s
132.145.120.197,8880,false,NRT,Asia Pacific,Tokyo,415 ms,2544 kB/s
132.145.114.4,8880,false,NRT,Asia Pacific,Tokyo,404 ms,2540 kB/s
8.218.85.128,8880,false,HKG,Asia Pacific,Hong Kong,642 ms,2522 kB/s
132.145.121.175,8880,false,NRT,Asia Pacific,Tokyo,391 ms,2517 kB/s
8.222.219.252,8880,false,SIN,Asia Pacific,Singapore,386 ms,2517 kB/s
150.230.219.83,8880,false,NRT,Asia Pacific,Tokyo,417 ms,2515 kB/s
47.74.52.188,8880,false,NRT,Asia Pacific,Tokyo,417 ms,2513 kB/s
140.238.36.216,8880,false,NRT,Asia Pacific,Tokyo,422 ms,2512 kB/s
150.230.98.39,8880,false,NRT,Asia Pacific,Tokyo,399 ms,2485 kB/s
168.138.194.121,8880,false,NRT,Asia Pacific,Tokyo,395 ms,2465 kB/s
168.138.212.40,8880,false,NRT,Asia Pacific,Tokyo,399 ms,2458 kB/s
155.248.165.169,8880,false,NRT,Asia Pacific,Tokyo,398 ms,2442 kB/s
8.222.197.251,8880,false,SIN,Asia Pacific,Singapore,387 ms,2434 kB/s
141.147.179.64,8880,false,NRT,Asia Pacific,Tokyo,402 ms,2385 kB/s
138.3.208.9,8880,false,NRT,Asia Pacific,Tokyo,399 ms,2371 kB/s
47.74.22.171,8880,false,NRT,Asia Pacific,Tokyo,415 ms,2359 kB/s
168.138.198.53,8880,false,NRT,Asia Pacific,Tokyo,400 ms,2339 kB/s
155.248.166.141,8880,false,NRT,Asia Pacific,Tokyo,383 ms,2307 kB/s
138.3.223.70,8880,false,NRT,Asia Pacific,Tokyo,396 ms,2304 kB/s
141.147.160.86,8880,false,NRT,Asia Pacific,Tokyo,415 ms,2299 kB/s
47.74.45.143,8880,false,NRT,Asia Pacific,Tokyo,758 ms,2295 kB/s
168.138.185.28,8880,false,SIN,Asia Pacific,Singapore,355 ms,2286 kB/s
150.230.219.168,8880,false,NRT,Asia Pacific,Tokyo,389 ms,2276 kB/s
8.222.224.163,8880,false,SIN,Asia Pacific,Singapore,686 ms,2255 kB/s
155.248.174.71,8880,false,NRT,Asia Pacific,Tokyo,399 ms,2236 kB/s
47.243.161.235,8880,false,HKG,Asia Pacific,Hong Kong,348 ms,2215 kB/s
132.145.113.148,8880,false,NRT,Asia Pacific,Tokyo,398 ms,2214 kB/s
132.145.122.95,8880,false,NRT,Asia Pacific,Tokyo,396 ms,2197 kB/s
132.145.123.159,8880,false,NRT,Asia Pacific,Tokyo,399 ms,2174 kB/s
132.145.121.125,8880,false,NRT,Asia Pacific,Tokyo,386 ms,2167 kB/s
168.138.208.24,8880,false,NRT,Asia Pacific,Tokyo,406 ms,2138 kB/s
140.238.39.33,8880,false,NRT,Asia Pacific,Tokyo,405 ms,2138 kB/s
138.2.25.122,8880,false,NRT,Asia Pacific,Tokyo,399 ms,2137 kB/s
141.147.166.189,8880,false,NRT,Asia Pacific,Tokyo,391 ms,2089 kB/s
141.147.178.115,8880,false,NRT,Asia Pacific,Tokyo,437 ms,2079 kB/s
168.138.161.0,8880,false,SIN,Asia Pacific,Singapore,360 ms,2075 kB/s
168.138.197.222,8880,false,NRT,Asia Pacific,Tokyo,403 ms,2071 kB/s
141.147.162.204,8880,false,NRT,Asia Pacific,Tokyo,418 ms,2054 kB/s
140.83.37.145,8880,false,NRT,Asia Pacific,Tokyo,397 ms,2042 kB/s
47.74.37.50,8880,false,NRT,Asia Pacific,Tokyo,736 ms,2038 kB/s
155.248.185.38,8880,false,NRT,Asia Pacific,Tokyo,398 ms,2032 kB/s
132.145.124.198,8880,false,NRT,Asia Pacific,Tokyo,401 ms,2026 kB/s
141.147.166.95,8880,false,NRT,Asia Pacific,Tokyo,400 ms,2024 kB/s
168.138.211.217,8880,false,NRT,Asia Pacific,Tokyo,407 ms,2020 kB/s
47.243.162.49,8880,false,HKG,Asia Pacific,Hong Kong,334 ms,2016 kB/s
132.145.120.115,8880,false,NRT,Asia Pacific,Tokyo,399 ms,2005 kB/s
132.226.5.76,8880,false,NRT,Asia Pacific,Tokyo,406 ms,1974 kB/s
155.248.176.28,8880,false,NRT,Asia Pacific,Tokyo,449 ms,1973 kB/s
168.138.207.64,8880,false,NRT,Asia Pacific,Tokyo,407 ms,1961 kB/s
141.147.175.230,8880,false,NRT,Asia Pacific,Tokyo,447 ms,1921 kB/s
138.2.20.48,8880,false,NRT,Asia Pacific,Tokyo,397 ms,1921 kB/s
47.74.5.150,8880,false,NRT,Asia Pacific,Tokyo,413 ms,1914 kB/s
140.238.32.238,8880,false,NRT,Asia Pacific,Tokyo,414 ms,1900 kB/s
140.238.41.253,8880,false,NRT,Asia Pacific,Tokyo,420 ms,1887 kB/s
150.230.97.239,8880,false,NRT,Asia Pacific,Tokyo,398 ms,1879 kB/s
141.147.185.149,8880,false,NRT,Asia Pacific,Tokyo,446 ms,1877 kB/s
8.222.223.34,8880,false,SIN,Asia Pacific,Singapore,702 ms,1869 kB/s
8.218.136.25,8880,false,HKG,Asia Pacific,Hong Kong,386 ms,1867 kB/s
132.145.127.21,8880,false,NRT,Asia Pacific,Tokyo,401 ms,1855 kB/s
168.138.192.185,8880,false,NRT,Asia Pacific,Tokyo,401 ms,1830 kB/s
47.74.39.194,8880,false,NRT,Asia Pacific,Tokyo,735 ms,1795 kB/s
140.83.37.200,8880,false,NRT,Asia Pacific,Tokyo,400 ms,1791 kB/s
140.238.48.45,8880,false,NRT,Asia Pacific,Tokyo,424 ms,1789 kB/s
140.238.33.94,8880,false,NRT,Asia Pacific,Tokyo,419 ms,1788 kB/s
150.230.214.218,8880,false,NRT,Asia Pacific,Tokyo,398 ms,1783 kB/s
168.138.206.109,8880,false,NRT,Asia Pacific,Tokyo,395 ms,1772 kB/s
168.138.205.195,8880,false,NRT,Asia Pacific,Tokyo,398 ms,1770 kB/s
140.238.35.195,8880,false,NRT,Asia Pacific,Tokyo,419 ms,1767 kB/s
155.248.176.98,8880,false,NRT,Asia Pacific,Tokyo,441 ms,1752 kB/s
8.218.105.223,8880,false,HKG,Asia Pacific,Hong Kong,386 ms,1746 kB/s
155.248.180.57,8880,false,NRT,Asia Pacific,Tokyo,449 ms,1745 kB/s
141.147.167.102,8880,false,NRT,Asia Pacific,Tokyo,434 ms,1732 kB/s
47.74.50.249,8880,false,NRT,Asia Pacific,Tokyo,735 ms,1721 kB/s
155.248.178.235,8880,false,NRT,Asia Pacific,Tokyo,448 ms,1717 kB/s
132.226.14.155,8880,false,NRT,Asia Pacific,Tokyo,399 ms,1699 kB/s
140.238.39.87,8880,false,NRT,Asia Pacific,Tokyo,420 ms,1699 kB/s
140.238.35.78,8880,false,NRT,Asia Pacific,Tokyo,403 ms,1699 kB/s
138.2.24.114,8880,false,NRT,Asia Pacific,Tokyo,396 ms,1695 kB/s
132.145.123.143,8880,false,NRT,Asia Pacific,Tokyo,389 ms,1695 kB/s
168.138.217.146,8880,false,NRT,Asia Pacific,Tokyo,408 ms,1686 kB/s
132.226.5.21,8880,false,NRT,Asia Pacific,Tokyo,414 ms,1675 kB/s
141.147.165.179,8880,false,NRT,Asia Pacific,Tokyo,378 ms,1669 kB/s
152.70.111.251,8880,false,NRT,Asia Pacific,Tokyo,385 ms,1666 kB/s
138.2.19.122,8880,false,NRT,Asia Pacific,Tokyo,399 ms,1665 kB/s
138.2.104.2,8880,false,SIN,Asia Pacific,Singapore,356 ms,1664 kB/s
47.74.40.13,8880,false,NRT,Asia Pacific,Tokyo,758 ms,1660 kB/s
8.222.252.150,8880,false,SIN,Asia Pacific,Singapore,686 ms,1659 kB/s
152.70.106.185,8880,false,NRT,Asia Pacific,Tokyo,384 ms,1638 kB/s
8.222.198.105,8880,false,SIN,Asia Pacific,Singapore,672 ms,1627 kB/s
150.230.101.13,8880,false,NRT,Asia Pacific,Tokyo,398 ms,1611 kB/s
8.222.221.86,8880,false,SIN,Asia Pacific,Singapore,688 ms,1595 kB/s
47.74.41.87,8880,false,NRT,Asia Pacific,Tokyo,736 ms,1590 kB/s
138.2.11.179,8880,false,NRT,Asia Pacific,Tokyo,400 ms,1587 kB/s
155.248.162.160,8880,false,NRT,Asia Pacific,Tokyo,399 ms,1585 kB/s
150.230.212.9,8880,false,NRT,Asia Pacific,Tokyo,395 ms,1584 kB/s
8.222.193.208,8880,false,SIN,Asia Pacific,Singapore,694 ms,1581 kB/s
8.218.122.55,8880,false,HKG,Asia Pacific,Hong Kong,386 ms,1578 kB/s
168.138.208.164,8880,false,NRT,Asia Pacific,Tokyo,378 ms,1577 kB/s
150.230.107.197,8880,false,NRT,Asia Pacific,Tokyo,385 ms,1574 kB/s
168.138.202.169,8880,false,NRT,Asia Pacific,Tokyo,398 ms,1569 kB/s
138.2.18.11,8880,false,NRT,Asia Pacific,Tokyo,399 ms,1559 kB/s
8.222.255.15,8880,false,SIN,Asia Pacific,Singapore,695 ms,1555 kB/s
152.70.99.218,8880,false,NRT,Asia Pacific,Tokyo,388 ms,1552 kB/s
8.218.156.91,8880,false,HKG,Asia Pacific,Hong Kong,685 ms,1543 kB/s
150.230.208.83,8880,false,NRT,Asia Pacific,Tokyo,391 ms,1543 kB/s
8.218.110.180,8880,false,HKG,Asia Pacific,Hong Kong,386 ms,1530 kB/s
47.74.10.135,8880,false,NRT,Asia Pacific,Tokyo,415 ms,1529 kB/s
138.2.76.91,8880,false,SIN,Asia Pacific,Singapore,368 ms,1523 kB/s
140.238.32.184,8880,false,NRT,Asia Pacific,Tokyo,398 ms,1520 kB/s
140.83.35.198,8880,false,NRT,Asia Pacific,Tokyo,398 ms,1518 kB/s
8.222.254.91,8880,false,SIN,Asia Pacific,Singapore,694 ms,1513 kB/s
141.147.186.210,8880,false,NRT,Asia Pacific,Tokyo,419 ms,1512 kB/s
150.230.204.117,8880,false,NRT,Asia Pacific,Tokyo,398 ms,1508 kB/s
8.222.226.15,8880,false,SIN,Asia Pacific,Singapore,694 ms,1505 kB/s
47.243.173.187,8880,false,HKG,Asia Pacific,Hong Kong,333 ms,1489 kB/s
155.248.167.70,8880,false,NRT,Asia Pacific,Tokyo,407 ms,1487 kB/s
138.3.218.160,8880,false,NRT,Asia Pacific,Tokyo,398 ms,1483 kB/s
8.218.143.10,8880,false,HKG,Asia Pacific,Hong Kong,655 ms,1482 kB/s
155.248.163.133,8880,false,NRT,Asia Pacific,Tokyo,399 ms,1481 kB/s
138.2.80.183,8880,false,SIN,Asia Pacific,Singapore,359 ms,1480 kB/s
8.218.158.94,8880,false,HKG,Asia Pacific,Hong Kong,386 ms,1477 kB/s
132.145.126.204,8880,false,NRT,Asia Pacific,Tokyo,413 ms,1475 kB/s
8.222.244.192,8880,false,SIN,Asia Pacific,Singapore,387 ms,1474 kB/s
168.138.211.188,8880,false,HKG,Asia Pacific,Hong Kong,454 ms,1468 kB/s
8.222.249.98,8880,false,SIN,Asia Pacific,Singapore,686 ms,1456 kB/s
141.147.160.221,8880,false,NRT,Asia Pacific,Tokyo,453 ms,1449 kB/s
140.238.35.138,8880,false,NRT,Asia Pacific,Tokyo,422 ms,1447 kB/s
138.3.217.39,8880,false,NRT,Asia Pacific,Tokyo,391 ms,1441 kB/s
8.218.119.115,8880,false,HKG,Asia Pacific,Hong Kong,386 ms,1431 kB/s
47.74.11.251,8880,false,NRT,Asia Pacific,Tokyo,428 ms,1430 kB/s
8.222.224.17,8880,false,SIN,Asia Pacific,Singapore,685 ms,1426 kB/s
150.230.105.53,8880,false,NRT,Asia Pacific,Tokyo,389 ms,1417 kB/s
141.147.164.54,8880,false,NRT,Asia Pacific,Tokyo,403 ms,1404 kB/s
8.222.202.163,8880,false,SIN,Asia Pacific,Singapore,690 ms,1399 kB/s
155.248.160.116,8880,false,NRT,Asia Pacific,Tokyo,398 ms,1392 kB/s
47.74.5.233,8880,false,NRT,Asia Pacific,Tokyo,406 ms,1383 kB/s
132.145.115.17,8880,false,NRT,Asia Pacific,Tokyo,404 ms,1382 kB/s
140.83.35.172,8880,false,NRT,Asia Pacific,Tokyo,399 ms,1378 kB/s
141.147.179.211,8880,false,NRT,Asia Pacific,Tokyo,392 ms,1364 kB/s
138.3.212.226,8880,false,NRT,Asia Pacific,Tokyo,391 ms,1361 kB/s
132.145.112.247,8880,false,NRT,Asia Pacific,Tokyo,399 ms,1342 kB/s
155.248.169.71,8880,false,NRT,Asia Pacific,Tokyo,396 ms,1336 kB/s
150.230.207.53,8880,false,NRT,Asia Pacific,Tokyo,399 ms,1317 kB/s
47.74.49.62,8880,false,NRT,Asia Pacific,Tokyo,420 ms,1315 kB/s
8.222.237.131,8880,false,SIN,Asia Pacific,Singapore,688 ms,1313 kB/s
138.3.210.114,8880,false,NRT,Asia Pacific,Tokyo,393 ms,1301 kB/s
8.222.219.34,8880,false,SIN,Asia Pacific,Singapore,691 ms,1290 kB/s
150.230.201.162,8880,false,NRT,Asia Pacific,Tokyo,399 ms,1285 kB/s
152.70.106.195,8880,false,NRT,Asia Pacific,Tokyo,384 ms,1284 kB/s
150.230.220.232,8880,false,NRT,Asia Pacific,Tokyo,394 ms,1283 kB/s
47.242.234.127,8880,false,HKG,Asia Pacific,Hong Kong,387 ms,1282 kB/s
138.2.9.66,8880,false,NRT,Asia Pacific,Tokyo,399 ms,1282 kB/s
140.238.41.167,8880,false,NRT,Asia Pacific,Tokyo,407 ms,1273 kB/s
47.242.232.14,8880,false,HKG,Asia Pacific,Hong Kong,386 ms,1269 kB/s
150.230.99.173,8880,false,NRT,Asia Pacific,Tokyo,399 ms,1267 kB/s
138.2.29.250,8880,false,NRT,Asia Pacific,Tokyo,395 ms,1266 kB/s
47.243.86.79,8880,false,HKG,Asia Pacific,Hong Kong,665 ms,1265 kB/s
152.70.106.13,8880,false,NRT,Asia Pacific,Tokyo,387 ms,1259 kB/s
47.74.42.17,8880,false,NRT,Asia Pacific,Tokyo,758 ms,1257 kB/s
150.230.101.125,8880,false,NRT,Asia Pacific,Tokyo,399 ms,1243 kB/s
150.230.202.132,8880,false,NRT,Asia Pacific,Tokyo,382 ms,1242 kB/s
155.248.180.103,8880,false,NRT,Asia Pacific,Tokyo,415 ms,1237 kB/s
150.230.105.179,8880,false,NRT,Asia Pacific,Tokyo,382 ms,1223 kB/s
132.145.121.247,8880,false,NRT,Asia Pacific,Tokyo,393 ms,1214 kB/s
47.74.54.145,8880,false,NRT,Asia Pacific,Tokyo,421 ms,1209 kB/s
150.230.193.89,8880,false,NRT,Asia Pacific,Tokyo,392 ms,1208 kB/s
132.145.112.168,8880,false,NRT,Asia Pacific,Tokyo,402 ms,1206 kB/s
8.222.214.231,8880,false,SIN,Asia Pacific,Singapore,701 ms,1205 kB/s
150.230.106.21,8880,false,NRT,Asia Pacific,Tokyo,398 ms,1202 kB/s
132.226.9.173,8880,false,NRT,Asia Pacific,Tokyo,385 ms,1195 kB/s
132.145.121.123,8880,false,NRT,Asia Pacific,Tokyo,404 ms,1187 kB/s
8.222.190.225,8880,false,SIN,Asia Pacific,Singapore,386 ms,1175 kB/s
140.238.38.245,8880,false,NRT,Asia Pacific,Tokyo,402 ms,1173 kB/s
168.138.209.244,8880,false,NRT,Asia Pacific,Tokyo,405 ms,1171 kB/s
150.230.222.185,8880,false,NRT,Asia Pacific,Tokyo,435 ms,1171 kB/s
132.145.125.165,8880,false,NRT,Asia Pacific,Tokyo,392 ms,1158 kB/s
155.248.186.182,8880,false,NRT,Asia Pacific,Tokyo,400 ms,1153 kB/s
47.74.54.33,8880,false,NRT,Asia Pacific,Tokyo,736 ms,1148 kB/s
168.138.196.237,8880,false,NRT,Asia Pacific,Tokyo,398 ms,1143 kB/s
140.238.33.165,8880,false,NRT,Asia Pacific,Tokyo,408 ms,1131 kB/s
150.230.212.213,8880,false,NRT,Asia Pacific,Tokyo,391 ms,1126 kB/s
138.2.15.8,8880,false,NRT,Asia Pacific,Tokyo,408 ms,1126 kB/s
132.145.125.86,8880,false,NRT,Asia Pacific,Tokyo,399 ms,1125 kB/s
155.248.166.39,8880,false,NRT,Asia Pacific,Tokyo,399 ms,1110 kB/s
140.238.44.118,8880,false,NRT,Asia Pacific,Tokyo,407 ms,1107 kB/s
132.226.5.102,8880,false,NRT,Asia Pacific,Tokyo,403 ms,1106 kB/s
47.74.46.84,8880,false,NRT,Asia Pacific,Tokyo,421 ms,1105 kB/s
132.145.123.14,8880,false,NRT,Asia Pacific,Tokyo,396 ms,1101 kB/s
150.230.105.228,8880,false,HKG,Asia Pacific,Hong Kong,449 ms,1099 kB/s
8.222.244.123,8880,false,SIN,Asia Pacific,Singapore,690 ms,1097 kB/s
47.243.70.197,8880,false,HKG,Asia Pacific,Hong Kong,663 ms,1078 kB/s
140.238.60.71,8880,false,NRT,Asia Pacific,Tokyo,399 ms,1052 kB/s
8.222.215.228,8880,false,SIN,Asia Pacific,Singapore,695 ms,1050 kB/s
140.238.34.208,8880,false,NRT,Asia Pacific,Tokyo,401 ms,1040 kB/s
140.238.40.136,8880,false,NRT,Asia Pacific,Tokyo,415 ms,1025 kB/s
47.74.13.94,8880,false,NRT,Asia Pacific,Tokyo,417 ms,1019 kB/s
141.147.178.135,8880,false,HKG,Asia Pacific,Hong Kong,483 ms,1012 kB/s
155.248.176.68,8880,false,NRT,Asia Pacific,Tokyo,442 ms,1012 kB/s
138.3.220.4,8880,false,NRT,Asia Pacific,Tokyo,396 ms,1009 kB/s
132.145.127.51,8880,false,NRT,Asia Pacific,Tokyo,390 ms,1007 kB/s
132.145.120.103,8880,false,NRT,Asia Pacific,Tokyo,380 ms,1004 kB/s
140.238.39.21,8880,false,NRT,Asia Pacific,Tokyo,416 ms,983 kB/s
8.218.126.53,8880,false,HKG,Asia Pacific,Hong Kong,386 ms,971 kB/s
138.2.6.15,8880,false,NRT,Asia Pacific,Tokyo,406 ms,970 kB/s
168.138.206.236,8880,false,NRT,Asia Pacific,Tokyo,409 ms,963 kB/s
150.230.208.113,8880,false,NRT,Asia Pacific,Tokyo,396 ms,963 kB/s
150.230.109.138,8880,false,NRT,Asia Pacific,Tokyo,397 ms,961 kB/s
47.74.43.24,8880,false,NRT,Asia Pacific,Tokyo,765 ms,951 kB/s
168.138.213.116,8880,false,NRT,Asia Pacific,Tokyo,406 ms,943 kB/s
155.248.179.132,8880,false,NRT,Asia Pacific,Tokyo,401 ms,934 kB/s
141.147.189.242,8880,false,NRT,Asia Pacific,Tokyo,388 ms,932 kB/s
141.147.164.123,8880,false,NRT,Asia Pacific,Tokyo,425 ms,927 kB/s
150.230.221.219,8880,false,NRT,Asia Pacific,Tokyo,399 ms,918 kB/s
47.74.6.16,8880,false,NRT,Asia Pacific,Tokyo,388 ms,918 kB/s
8.222.209.223,8880,false,SIN,Asia Pacific,Singapore,386 ms,908 kB/s
152.69.215.14,8880,false,SIN,Asia Pacific,Singapore,392 ms,908 kB/s
140.83.36.42,8880,false,NRT,Asia Pacific,Tokyo,398 ms,907 kB/s
8.222.229.22,8880,false,SIN,Asia Pacific,Singapore,685 ms,899 kB/s
141.147.168.13,8880,false,NRT,Asia Pacific,Tokyo,377 ms,894 kB/s
141.147.189.23,8880,false,NRT,Asia Pacific,Tokyo,385 ms,888 kB/s
8.222.236.229,8880,false,SIN,Asia Pacific,Singapore,686 ms,888 kB/s
168.138.213.210,8880,false,NRT,Asia Pacific,Tokyo,409 ms,886 kB/s
132.145.120.182,8880,false,NRT,Asia Pacific,Tokyo,390 ms,880 kB/s
47.74.41.136,8880,false,NRT,Asia Pacific,Tokyo,402 ms,880 kB/s
138.3.216.67,8880,false,NRT,Asia Pacific,Tokyo,385 ms,874 kB/s
141.147.169.195,8880,false,NRT,Asia Pacific,Tokyo,446 ms,854 kB/s
152.70.103.145,8880,false,NRT,Asia Pacific,Tokyo,384 ms,842 kB/s
168.138.205.38,8880,false,NRT,Asia Pacific,Tokyo,403 ms,837 kB/s
132.145.114.14,8880,false,NRT,Asia Pacific,Tokyo,385 ms,830 kB/s
150.230.216.117,8880,false,NRT,Asia Pacific,Tokyo,403 ms,826 kB/s
150.230.107.94,8880,false,NRT,Asia Pacific,Tokyo,384 ms,802 kB/s
141.147.176.200,8880,false,NRT,Asia Pacific,Tokyo,396 ms,783 kB/s
132.145.117.216,8880,false,NRT,Asia Pacific,Tokyo,403 ms,772 kB/s
155.248.187.37,8880,false,NRT,Asia Pacific,Tokyo,418 ms,753 kB/s
141.147.182.76,8880,false,NRT,Asia Pacific,Tokyo,449 ms,751 kB/s
168.138.208.17,8880,false,NRT,Asia Pacific,Tokyo,402 ms,745 kB/s
150.230.212.87,8880,false,NRT,Asia Pacific,Tokyo,387 ms,745 kB/s
150.230.213.95,8880,false,NRT,Asia Pacific,Tokyo,419 ms,737 kB/s
140.238.50.32,8880,false,NRT,Asia Pacific,Tokyo,420 ms,736 kB/s
138.2.92.11,8880,false,SIN,Asia Pacific,Singapore,369 ms,708 kB/s
141.147.164.153,8880,false,NRT,Asia Pacific,Tokyo,415 ms,701 kB/s
168.138.212.175,8880,false,NRT,Asia Pacific,Tokyo,401 ms,699 kB/s
141.147.191.211,8880,false,NRT,Asia Pacific,Tokyo,390 ms,694 kB/s
168.138.202.145,8880,false,NRT,Asia Pacific,Tokyo,398 ms,690 kB/s
150.230.221.114,8880,false,NRT,Asia Pacific,Tokyo,399 ms,685 kB/s
168.138.206.68,8880,false,NRT,Asia Pacific,Tokyo,399 ms,682 kB/s
8.218.142.253,8880,false,HKG,Asia Pacific,Hong Kong,646 ms,682 kB/s
152.70.102.124,8880,false,HKG,Asia Pacific,Hong Kong,456 ms,679 kB/s
132.145.126.21,8880,false,NRT,Asia Pacific,Tokyo,383 ms,675 kB/s
150.230.109.252,8880,false,NRT,Asia Pacific,Tokyo,398 ms,668 kB/s
168.138.200.159,8880,false,NRT,Asia Pacific,Tokyo,411 ms,655 kB/s
168.138.212.184,8880,false,NRT,Asia Pacific,Tokyo,399 ms,617 kB/s
140.238.52.81,8880,false,NRT,Asia Pacific,Tokyo,397 ms,616 kB/s
152.70.107.26,8880,false,NRT,Asia Pacific,Tokyo,380 ms,604 kB/s
155.248.160.83,8880,false,NRT,Asia Pacific,Tokyo,399 ms,595 kB/s
47.74.43.95,8880,false,NRT,Asia Pacific,Tokyo,759 ms,594 kB/s
155.248.177.210,8880,false,NRT,Asia Pacific,Tokyo,401 ms,584 kB/s
140.238.36.248,8880,false,NRT,Asia Pacific,Tokyo,404 ms,560 kB/s
140.238.46.138,8880,false,NRT,Asia Pacific,Tokyo,406 ms,547 kB/s
141.147.181.148,8880,false,NRT,Asia Pacific,Tokyo,399 ms,540 kB/s
8.222.191.158,8880,false,SIN,Asia Pacific,Singapore,690 ms,530 kB/s
150.230.108.135,8880,false,NRT,Asia Pacific,Tokyo,399 ms,529 kB/s
140.238.48.97,8880,false,NRT,Asia Pacific,Tokyo,399 ms,517 kB/s
168.138.196.164,8880,false,HKG,Asia Pacific,Hong Kong,449 ms,514 kB/s
138.3.211.101,8880,false,NRT,Asia Pacific,Tokyo,394 ms,496 kB/s
155.248.169.25,8880,false,NRT,Asia Pacific,Tokyo,398 ms,491 kB/s
150.230.104.197,8880,false,NRT,Asia Pacific,Tokyo,399 ms,486 kB/s
47.74.11.9,8880,false,NRT,Asia Pacific,Tokyo,421 ms,481 kB/s
141.147.181.242,8880,false,NRT,Asia Pacific,Tokyo,383 ms,466 kB/s
8.222.212.172,8880,false,SIN,Asia Pacific,Singapore,686 ms,441 kB/s
8.222.253.235,8880,false,SIN,Asia Pacific,Singapore,685 ms,432 kB/s
8.222.240.47,8880,false,SIN,Asia Pacific,Singapore,690 ms,429 kB/s
141.147.170.160,8880,false,NRT,Asia Pacific,Tokyo,382 ms,428 kB/s
132.145.123.112,8880,false,NRT,Asia Pacific,Tokyo,399 ms,423 kB/s
132.145.123.238,8880,false,NRT,Asia Pacific,Tokyo,398 ms,421 kB/s
47.74.42.111,8880,false,NRT,Asia Pacific,Tokyo,736 ms,417 kB/s
140.238.60.177,8880,false,NRT,Asia Pacific,Tokyo,399 ms,399 kB/s
138.2.8.232,8880,false,NRT,Asia Pacific,Tokyo,383 ms,372 kB/s
152.70.104.69,8880,false,NRT,Asia Pacific,Tokyo,397 ms,353 kB/s
138.2.21.31,8880,false,NRT,Asia Pacific,Tokyo,396 ms,343 kB/s
132.226.6.5,8880,false,NRT,Asia Pacific,Tokyo,399 ms,330 kB/s
140.238.61.224,8880,false,NRT,Asia Pacific,Tokyo,399 ms,326 kB/s
141.147.169.131,8880,false,NRT,Asia Pacific,Tokyo,390 ms,311 kB/s
47.74.52.104,8880,false,NRT,Asia Pacific,Tokyo,414 ms,306 kB/s
141.147.182.70,8880,false,NRT,Asia Pacific,Tokyo,406 ms,299 kB/s
150.230.216.34,8880,false,NRT,Asia Pacific,Tokyo,404 ms,276 kB/s
8.218.127.249,8880,false,HKG,Asia Pacific,Hong Kong,649 ms,274 kB/s
138.3.223.50,8880,false,NRT,Asia Pacific,Tokyo,387 ms,262 kB/s
138.3.215.11,8880,false,HKG,Asia Pacific,Hong Kong,444 ms,250 kB/s
168.138.195.31,8880,false,NRT,Asia Pacific,Tokyo,398 ms,244 kB/s
141.147.174.7,8880,false,NRT,Asia Pacific,Tokyo,435 ms,226 kB/s
47.74.27.94,8880,false,NRT,Asia Pacific,Tokyo,417 ms,220 kB/s
140.238.50.99,8880,false,NRT,Asia Pacific,Tokyo,399 ms,217 kB/s
141.147.191.132,8880,false,NRT,Asia Pacific,Tokyo,379 ms,210 kB/s
141.147.183.96,8880,false,NRT,Asia Pacific,Tokyo,405 ms,142 kB/s
140.238.52.141,8880,false,NRT,Asia Pacific,Tokyo,418 ms,88 kB/s
140.238.51.184,8880,false,NRT,Asia Pacific,Tokyo,407 ms,77 kB/s
47.243.179.249,8880,false,HKG,Asia Pacific,Hong Kong,348 ms,12 kB/s
168.138.185.253,8880,false,SIN,Asia Pacific,Singapore,361 ms,12 kB/s
138.3.216.181,8880,false,NRT,Asia Pacific,Tokyo,401 ms,11 kB/s
155.248.177.90,8880,false,NRT,Asia Pacific,Tokyo,448 ms,11 kB/s
150.230.217.29,8880,false,NRT,Asia Pacific,Tokyo,391 ms,11 kB/s
132.145.117.33,8880,false,NRT,Asia Pacific,Tokyo,401 ms,11 kB/s
152.70.102.142,8880,false,NRT,Asia Pacific,Tokyo,396 ms,11 kB/s
140.238.37.162,8880,false,NRT,Asia Pacific,Tokyo,401 ms,11 kB/s
140.238.42.149,8880,false,NRT,Asia Pacific,Tokyo,404 ms,10 kB/s
138.3.222.50,8880,false,NRT,Asia Pacific,Tokyo,398 ms,10 kB/s
132.145.123.6,8880,false,NRT,Asia Pacific,Tokyo,399 ms,10 kB/s
47.74.43.143,8880,false,NRT,Asia Pacific,Tokyo,415 ms,10 kB/s
47.74.54.182,8880,false,NRT,Asia Pacific,Tokyo,758 ms,10 kB/s
138.2.14.77,8880,false,NRT,Asia Pacific,Tokyo,402 ms,10 kB/s
150.230.105.183,8880,false,NRT,Asia Pacific,Tokyo,396 ms,10 kB/s
47.74.53.112,8880,false,NRT,Asia Pacific,Tokyo,736 ms,10 kB/s
138.2.6.248,8880,false,NRT,Asia Pacific,Tokyo,393 ms,10 kB/s
132.226.0.181,8880,false,NRT,Asia Pacific,Tokyo,405 ms,10 kB/s
150.230.213.65,8880,false,NRT,Asia Pacific,Tokyo,402 ms,10 kB/s
168.138.203.39,8880,false,NRT,Asia Pacific,Tokyo,399 ms,10 kB/s
155.248.162.233,8880,false,NRT,Asia Pacific,Tokyo,399 ms,10 kB/s
47.74.6.157,8880,false,NRT,Asia Pacific,Tokyo,406 ms,10 kB/s
138.2.11.227,8880,false,NRT,Asia Pacific,Tokyo,385 ms,7 kB/s
150.230.108.82,8880,false,NRT,Asia Pacific,Tokyo,399 ms,0 kB/s
138.2.14.164,8880,false,NRT,Asia Pacific,Tokyo,397 ms,0 kB/s
138.2.13.200,8880,false,NRT,Asia Pacific,Tokyo,389 ms,0 kB/s
47.74.34.38,8880,false,NRT,Asia Pacific,Tokyo,431 ms,0 kB/s
138.2.26.80,8880,false,NRT,Asia Pacific,Tokyo,397 ms,0 kB/s
138.2.29.102,8880,false,NRT,Asia Pacific,Tokyo,399 ms,0 kB/s
141.147.174.190,8880,false,NRT,Asia Pacific,Tokyo,391 ms,0 kB/s
152.70.99.187,8880,false,NRT,Asia Pacific,Tokyo,393 ms,0 kB/s
138.3.214.43,8880,false,NRT,Asia Pacific,Tokyo,390 ms,0 kB/s
141.147.167.44,8880,false,NRT,Asia Pacific,Tokyo,399 ms,0 kB/s
152.70.106.21,8880,false,NRT,Asia Pacific,Tokyo,392 ms,0 kB/s
152.70.98.174,8880,false,NRT,Asia Pacific,Tokyo,399 ms,0 kB/s
132.145.120.118,8880,false,NRT,Asia Pacific,Tokyo,402 ms,0 kB/s
150.230.217.63,8880,false,NRT,Asia Pacific,Tokyo,399 ms,0 kB/s
